file,line,type,commit,author,date,time,timezone,datetime,depth,length
style.css,1,css,17ca6e20,Henry Liu,2025-10-10,22:37:34,-07:00,2025-10-10T22:37:34-07:00,0,4
style.css,2,css,17ca6e20,Henry Liu,2025-10-10,22:37:34,-07:00,2025-10-10T22:37:34-07:00,1,41
style.css,3,css,17ca6e20,Henry Liu,2025-10-10,22:37:34,-07:00,2025-10-10T22:37:34-07:00,1,41
style.css,4,css,17ca6e20,Henry Liu,2025-10-10,22:37:34,-07:00,2025-10-10T22:37:34-07:00,1,32
style.css,5,css,911d636d,Henry Liu,2025-10-18,21:23:45,-07:00,2025-10-18T21:23:45-07:00,1,23
style.css,6,css,17ca6e20,Henry Liu,2025-10-10,22:37:34,-07:00,2025-10-10T22:37:34-07:00,0,0
style.css,7,css,17ca6e20,Henry Liu,2025-10-10,22:37:34,-07:00,2025-10-10T22:37:34-07:00,0,0
style.css,8,css,d5ca503b,Henry Liu,2025-10-03,03:22:13,-07:00,2025-10-03T03:22:13-07:00,0,4
style.css,9,css,17ca6e20,Henry Liu,2025-10-10,22:37:34,-07:00,2025-10-10T22:37:34-07:00,1,43
style.css,10,css,17ca6e20,Henry Liu,2025-10-10,22:37:34,-07:00,2025-10-10T22:37:34-07:00,2,42
style.css,11,css,17ca6e20,Henry Liu,2025-10-10,22:37:34,-07:00,2025-10-10T22:37:34-07:00,1,0
style.css,12,css,17ca6e20,Henry Liu,2025-10-10,22:37:34,-07:00,2025-10-10T22:37:34-07:00,1,23
style.css,13,css,17ca6e20,Henry Liu,2025-10-10,22:37:34,-07:00,2025-10-10T22:37:34-07:00,1,15
style.css,14,css,17ca6e20,Henry Liu,2025-10-10,22:37:34,-07:00,2025-10-10T22:37:34-07:00,1,18
style.css,15,css,17ca6e20,Henry Liu,2025-10-10,22:37:34,-07:00,2025-10-10T22:37:34-07:00,1,11
style.css,16,css,17ca6e20,Henry Liu,2025-10-10,22:37:34,-07:00,2025-10-10T22:37:34-07:00,0,0
style.css,17,css,384cc1a4,Henry Liu,2025-10-03,15:22:17,-07:00,2025-10-03T15:22:17-07:00,0,0
style.css,18,css,384cc1a4,Henry Liu,2025-10-03,15:22:17,-07:00,2025-10-03T15:22:17-07:00,0,3
style.css,19,css,384cc1a4,Henry Liu,2025-10-03,15:22:17,-07:00,2025-10-03T15:22:17-07:00,2,14
style.css,20,css,384cc1a4,Henry Liu,2025-10-03,15:22:17,-07:00,2025-10-03T15:22:17-07:00,2,11
style.css,21,css,384cc1a4,Henry Liu,2025-10-03,15:22:17,-07:00,2025-10-03T15:22:17-07:00,2,10
style.css,22,css,214dea57,Henry Liu,2025-10-03,23:43:10,-07:00,2025-10-03T23:43:10-07:00,0,0
style.css,23,css,214dea57,Henry Liu,2025-10-03,23:43:10,-07:00,2025-10-03T23:43:10-07:00,0,0
style.css,24,css,a72fac2c,Henry Liu,2025-10-10,23:42:30,-07:00,2025-10-10T23:42:30-07:00,0,70
style.css,25,css,17ca6e20,Henry Liu,2025-10-10,22:37:34,-07:00,2025-10-10T22:37:34-07:00,0,0
style.css,26,css,17ca6e20,Henry Liu,2025-10-10,22:37:34,-07:00,2025-10-10T22:37:34-07:00,0,3
style.css,27,css,17ca6e20,Henry Liu,2025-10-10,22:37:34,-07:00,2025-10-10T22:37:34-07:00,1,12
style.css,28,css,17ca6e20,Henry Liu,2025-10-10,22:37:34,-07:00,2025-10-10T22:37:34-07:00,1,19
style.css,29,css,911d636d,Henry Liu,2025-10-18,21:23:45,-07:00,2025-10-18T21:23:45-07:00,1,39
style.css,30,css,911d636d,Henry Liu,2025-10-18,21:23:45,-07:00,2025-10-18T21:23:45-07:00,1,43
style.css,31,css,17ca6e20,Henry Liu,2025-10-10,22:37:34,-07:00,2025-10-10T22:37:34-07:00,0,0
style.css,32,css,17ca6e20,Henry Liu,2025-10-10,22:37:34,-07:00,2025-10-10T22:37:34-07:00,0,0
style.css,33,css,17ca6e20,Henry Liu,2025-10-10,22:37:34,-07:00,2025-10-10T22:37:34-07:00,0,14
style.css,34,css,17ca6e20,Henry Liu,2025-10-10,22:37:34,-07:00,2025-10-10T22:37:34-07:00,1,16
style.css,35,css,17ca6e20,Henry Liu,2025-10-10,22:37:34,-07:00,2025-10-10T22:37:34-07:00,0,0
style.css,36,css,17ca6e20,Henry Liu,2025-10-10,22:37:34,-07:00,2025-10-10T22:37:34-07:00,0,0
style.css,37,css,17ca6e20,Henry Liu,2025-10-10,22:37:34,-07:00,2025-10-10T22:37:34-07:00,0,5
style.css,38,css,17ca6e20,Henry Liu,2025-10-10,22:37:34,-07:00,2025-10-10T22:37:34-07:00,1,6
style.css,39,css,17ca6e20,Henry Liu,2025-10-10,22:37:34,-07:00,2025-10-10T22:37:34-07:00,1,20
style.css,40,css,17ca6e20,Henry Liu,2025-10-10,22:37:34,-07:00,2025-10-10T22:37:34-07:00,1,13
style.css,41,css,17ca6e20,Henry Liu,2025-10-10,22:37:34,-07:00,2025-10-10T22:37:34-07:00,1,17
style.css,42,css,17ca6e20,Henry Liu,2025-10-10,22:37:34,-07:00,2025-10-10T22:37:34-07:00,1,13
style.css,43,css,17ca6e20,Henry Liu,2025-10-10,22:37:34,-07:00,2025-10-10T22:37:34-07:00,0,0
style.css,44,css,17ca6e20,Henry Liu,2025-10-10,22:37:34,-07:00,2025-10-10T22:37:34-07:00,0,0
style.css,45,css,17ca6e20,Henry Liu,2025-10-10,22:37:34,-07:00,2025-10-10T22:37:34-07:00,0,11
style.css,46,css,17ca6e20,Henry Liu,2025-10-10,22:37:34,-07:00,2025-10-10T22:37:34-07:00,1,45
style.css,47,css,17ca6e20,Henry Liu,2025-10-10,22:37:34,-07:00,2025-10-10T22:37:34-07:00,1,20
style.css,48,css,911d636d,Henry Liu,2025-10-18,21:23:45,-07:00,2025-10-18T21:23:45-07:00,1,69
style.css,49,css,17ca6e20,Henry Liu,2025-10-10,22:37:34,-07:00,2025-10-10T22:37:34-07:00,0,0
style.css,50,css,17ca6e20,Henry Liu,2025-10-10,22:37:34,-07:00,2025-10-10T22:37:34-07:00,0,0
style.css,51,css,17ca6e20,Henry Liu,2025-10-10,22:37:34,-07:00,2025-10-10T22:37:34-07:00,0,13
style.css,52,css,911d636d,Henry Liu,2025-10-18,21:23:45,-07:00,2025-10-18T21:23:45-07:00,1,45
style.css,53,css,17ca6e20,Henry Liu,2025-10-10,22:37:34,-07:00,2025-10-10T22:37:34-07:00,1,20
style.css,54,css,17ca6e20,Henry Liu,2025-10-10,22:37:34,-07:00,2025-10-10T22:37:34-07:00,1,16
style.css,55,css,4701ceee,Henry Liu,2025-10-10,22:55:59,-07:00,2025-10-10T22:55:59-07:00,0,0
style.css,56,css,4701ceee,Henry Liu,2025-10-10,22:55:59,-07:00,2025-10-10T22:55:59-07:00,0,0
style.css,57,css,a72fac2c,Henry Liu,2025-10-10,23:42:30,-07:00,2025-10-10T23:42:30-07:00,0,67
style.css,58,css,a72fac2c,Henry Liu,2025-10-10,23:42:30,-07:00,2025-10-10T23:42:30-07:00,0,0
style.css,59,css,4701ceee,Henry Liu,2025-10-10,22:55:59,-07:00,2025-10-10T22:55:59-07:00,0,4
style.css,60,css,4701ceee,Henry Liu,2025-10-10,22:55:59,-07:00,2025-10-10T22:55:59-07:00,0,7
style.css,61,css,4701ceee,Henry Liu,2025-10-10,22:55:59,-07:00,2025-10-10T22:55:59-07:00,0,6
style.css,62,css,4701ceee,Henry Liu,2025-10-10,22:55:59,-07:00,2025-10-10T22:55:59-07:00,1,12
style.css,63,css,4701ceee,Henry Liu,2025-10-10,22:55:59,-07:00,2025-10-10T22:55:59-07:00,0,0
style.css,64,css,4701ceee,Henry Liu,2025-10-10,22:55:59,-07:00,2025-10-10T22:55:59-07:00,0,0
style.css,65,css,4701ceee,Henry Liu,2025-10-10,22:55:59,-07:00,2025-10-10T22:55:59-07:00,0,4
style.css,66,css,4701ceee,Henry Liu,2025-10-10,22:55:59,-07:00,2025-10-10T22:55:59-07:00,1,12
style.css,67,css,4701ceee,Henry Liu,2025-10-10,22:55:59,-07:00,2025-10-10T22:55:59-07:00,1,30
style.css,68,css,4701ceee,Henry Liu,2025-10-10,22:55:59,-07:00,2025-10-10T22:55:59-07:00,1,7
style.css,69,css,4701ceee,Henry Liu,2025-10-10,22:55:59,-07:00,2025-10-10T22:55:59-07:00,0,0
style.css,70,css,4701ceee,Henry Liu,2025-10-10,22:55:59,-07:00,2025-10-10T22:55:59-07:00,0,0
style.css,71,css,4701ceee,Henry Liu,2025-10-10,22:55:59,-07:00,2025-10-10T22:55:59-07:00,0,10
style.css,72,css,4701ceee,Henry Liu,2025-10-10,22:55:59,-07:00,2025-10-10T22:55:59-07:00,1,12
style.css,73,css,4701ceee,Henry Liu,2025-10-10,22:55:59,-07:00,2025-10-10T22:55:59-07:00,1,29
style.css,74,css,4701ceee,Henry Liu,2025-10-10,22:55:59,-07:00,2025-10-10T22:55:59-07:00,1,18
style.css,75,css,4701ceee,Henry Liu,2025-10-10,22:55:59,-07:00,2025-10-10T22:55:59-07:00,0,0
style.css,76,css,4701ceee,Henry Liu,2025-10-10,22:55:59,-07:00,2025-10-10T22:55:59-07:00,0,0
style.css,77,css,4701ceee,Henry Liu,2025-10-10,22:55:59,-07:00,2025-10-10T22:55:59-07:00,0,11
style.css,78,css,4701ceee,Henry Liu,2025-10-10,22:55:59,-07:00,2025-10-10T22:55:59-07:00,1,18
style.css,79,css,f2934362,Henry Liu,2025-10-10,23:31:59,-07:00,2025-10-10T23:31:59-07:00,0,0
style.css,80,css,f2934362,Henry Liu,2025-10-10,23:31:59,-07:00,2025-10-10T23:31:59-07:00,0,0
style.css,81,css,a72fac2c,Henry Liu,2025-10-10,23:42:30,-07:00,2025-10-10T23:42:30-07:00,0,73
style.css,82,css,a72fac2c,Henry Liu,2025-10-10,23:42:30,-07:00,2025-10-10T23:42:30-07:00,0,0
style.css,83,css,a72fac2c,Henry Liu,2025-10-10,23:42:30,-07:00,2025-10-10T23:42:30-07:00,0,14
style.css,84,css,a72fac2c,Henry Liu,2025-10-10,23:42:30,-07:00,2025-10-10T23:42:30-07:00,2,17
style.css,85,css,a72fac2c,Henry Liu,2025-10-10,23:42:30,-07:00,2025-10-10T23:42:30-07:00,2,16
style.css,86,css,a72fac2c,Henry Liu,2025-10-10,23:42:30,-07:00,2025-10-10T23:42:30-07:00,0,0
style.css,87,css,a72fac2c,Henry Liu,2025-10-10,23:42:30,-07:00,2025-10-10T23:42:30-07:00,0,0
style.css,88,css,a72fac2c,Henry Liu,2025-10-10,23:42:30,-07:00,2025-10-10T23:42:30-07:00,0,17
style.css,89,css,a72fac2c,Henry Liu,2025-10-10,23:42:30,-07:00,2025-10-10T23:42:30-07:00,1,14
style.css,90,css,a72fac2c,Henry Liu,2025-10-10,23:42:30,-07:00,2025-10-10T23:42:30-07:00,1,19
style.css,91,css,a72fac2c,Henry Liu,2025-10-10,23:42:30,-07:00,2025-10-10T23:42:30-07:00,0,0
style.css,92,css,a72fac2c,Henry Liu,2025-10-10,23:42:30,-07:00,2025-10-10T23:42:30-07:00,0,0
style.css,93,css,a72fac2c,Henry Liu,2025-10-10,23:42:30,-07:00,2025-10-10T23:42:30-07:00,0,16
style.css,94,css,a72fac2c,Henry Liu,2025-10-10,23:42:30,-07:00,2025-10-10T23:42:30-07:00,1,12
style.css,95,css,a72fac2c,Henry Liu,2025-10-10,23:42:30,-07:00,2025-10-10T23:42:30-07:00,1,14
style.css,96,css,a72fac2c,Henry Liu,2025-10-10,23:42:30,-07:00,2025-10-10T23:42:30-07:00,1,22
style.css,97,css,a72fac2c,Henry Liu,2025-10-10,23:42:30,-07:00,2025-10-10T23:42:30-07:00,1,9
style.css,98,css,a72fac2c,Henry Liu,2025-10-10,23:42:30,-07:00,2025-10-10T23:42:30-07:00,1,15
style.css,99,css,a72fac2c,Henry Liu,2025-10-10,23:42:30,-07:00,2025-10-10T23:42:30-07:00,0,0
style.css,100,css,a72fac2c,Henry Liu,2025-10-10,23:42:30,-07:00,2025-10-10T23:42:30-07:00,0,0
style.css,101,css,a72fac2c,Henry Liu,2025-10-10,23:42:30,-07:00,2025-10-10T23:42:30-07:00,0,75
style.css,102,css,a72fac2c,Henry Liu,2025-10-10,23:42:30,-07:00,2025-10-10T23:42:30-07:00,0,7
style.css,103,css,a72fac2c,Henry Liu,2025-10-10,23:42:30,-07:00,2025-10-10T23:42:30-07:00,1,17
style.css,104,css,a72fac2c,Henry Liu,2025-10-10,23:42:30,-07:00,2025-10-10T23:42:30-07:00,0,0
style.css,105,css,a72fac2c,Henry Liu,2025-10-10,23:42:30,-07:00,2025-10-10T23:42:30-07:00,0,0
style.css,106,css,a72fac2c,Henry Liu,2025-10-10,23:42:30,-07:00,2025-10-10T23:42:30-07:00,0,2
style.css,107,css,a72fac2c,Henry Liu,2025-10-10,23:42:30,-07:00,2025-10-10T23:42:30-07:00,1,43
style.css,108,css,a72fac2c,Henry Liu,2025-10-10,23:42:30,-07:00,2025-10-10T23:42:30-07:00,1,20
style.css,109,css,a72fac2c,Henry Liu,2025-10-10,23:42:30,-07:00,2025-10-10T23:42:30-07:00,1,19
style.css,110,css,a72fac2c,Henry Liu,2025-10-10,23:42:30,-07:00,2025-10-10T23:42:30-07:00,0,0
style.css,111,css,a72fac2c,Henry Liu,2025-10-10,23:42:30,-07:00,2025-10-10T23:42:30-07:00,0,0
style.css,112,css,a72fac2c,Henry Liu,2025-10-10,23:42:30,-07:00,2025-10-10T23:42:30-07:00,0,2
style.css,113,css,a72fac2c,Henry Liu,2025-10-10,23:42:30,-07:00,2025-10-10T23:42:30-07:00,1,16
style.css,114,css,a72fac2c,Henry Liu,2025-10-10,23:42:30,-07:00,2025-10-10T23:42:30-07:00,1,18
style.css,115,css,a72fac2c,Henry Liu,2025-10-10,23:42:30,-07:00,2025-10-10T23:42:30-07:00,0,0
style.css,116,css,a72fac2c,Henry Liu,2025-10-10,23:42:30,-07:00,2025-10-10T23:42:30-07:00,0,0
style.css,117,css,a72fac2c,Henry Liu,2025-10-10,23:42:30,-07:00,2025-10-10T23:42:30-07:00,0,2
style.css,118,css,a72fac2c,Henry Liu,2025-10-10,23:42:30,-07:00,2025-10-10T23:42:30-07:00,1,19
style.css,119,css,a72fac2c,Henry Liu,2025-10-10,23:42:30,-07:00,2025-10-10T23:42:30-07:00,0,0
style.css,120,css,a72fac2c,Henry Liu,2025-10-10,23:42:30,-07:00,2025-10-10T23:42:30-07:00,0,0
style.css,121,css,a72fac2c,Henry Liu,2025-10-10,23:42:30,-07:00,2025-10-10T23:42:30-07:00,0,21
style.css,122,css,a72fac2c,Henry Liu,2025-10-10,23:42:30,-07:00,2025-10-10T23:42:30-07:00,1,11
style.css,123,css,a72fac2c,Henry Liu,2025-10-10,23:42:30,-07:00,2025-10-10T23:42:30-07:00,1,17
style.css,124,css,a72fac2c,Henry Liu,2025-10-10,23:42:30,-07:00,2025-10-10T23:42:30-07:00,1,16
style.css,125,css,a72fac2c,Henry Liu,2025-10-10,23:42:30,-07:00,2025-10-10T23:42:30-07:00,0,0
style.css,126,css,a72fac2c,Henry Liu,2025-10-10,23:42:30,-07:00,2025-10-10T23:42:30-07:00,0,0
style.css,127,css,a72fac2c,Henry Liu,2025-10-10,23:42:30,-07:00,2025-10-10T23:42:30-07:00,0,70
style.css,128,css,a72fac2c,Henry Liu,2025-10-10,23:42:30,-07:00,2025-10-10T23:42:30-07:00,0,0
style.css,129,css,a72fac2c,Henry Liu,2025-10-10,23:42:30,-07:00,2025-10-10T23:42:30-07:00,0,0
style.css,130,css,a72fac2c,Henry Liu,2025-10-10,23:42:30,-07:00,2025-10-10T23:42:30-07:00,0,21
style.css,131,css,a72fac2c,Henry Liu,2025-10-10,23:42:30,-07:00,2025-10-10T23:42:30-07:00,1,12
style.css,132,css,a72fac2c,Henry Liu,2025-10-10,23:42:30,-07:00,2025-10-10T23:42:30-07:00,1,30
style.css,133,css,a72fac2c,Henry Liu,2025-10-10,23:42:30,-07:00,2025-10-10T23:42:30-07:00,1,20
style.css,134,css,a72fac2c,Henry Liu,2025-10-10,23:42:30,-07:00,2025-10-10T23:42:30-07:00,0,0
style.css,135,css,a72fac2c,Henry Liu,2025-10-10,23:42:30,-07:00,2025-10-10T23:42:30-07:00,0,0
style.css,136,css,a72fac2c,Henry Liu,2025-10-10,23:42:30,-07:00,2025-10-10T23:42:30-07:00,0,9
style.css,137,css,a72fac2c,Henry Liu,2025-10-10,23:42:30,-07:00,2025-10-10T23:42:30-07:00,0,9
style.css,138,css,a72fac2c,Henry Liu,2025-10-10,23:42:30,-07:00,2025-10-10T23:42:30-07:00,1,16
style.css,139,css,a72fac2c,Henry Liu,2025-10-10,23:42:30,-07:00,2025-10-10T23:42:30-07:00,1,17
style.css,140,css,a72fac2c,Henry Liu,2025-10-10,23:42:30,-07:00,2025-10-10T23:42:30-07:00,1,15
style.css,141,css,a72fac2c,Henry Liu,2025-10-10,23:42:30,-07:00,2025-10-10T23:42:30-07:00,1,10
style.css,142,css,a72fac2c,Henry Liu,2025-10-10,23:42:30,-07:00,2025-10-10T23:42:30-07:00,0,0
style.css,143,css,a72fac2c,Henry Liu,2025-10-10,23:42:30,-07:00,2025-10-10T23:42:30-07:00,0,0
style.css,144,css,a72fac2c,Henry Liu,2025-10-10,23:42:30,-07:00,2025-10-10T23:42:30-07:00,0,66
style.css,145,css,a72fac2c,Henry Liu,2025-10-10,23:42:30,-07:00,2025-10-10T23:42:30-07:00,0,0
style.css,146,css,a72fac2c,Henry Liu,2025-10-10,23:42:30,-07:00,2025-10-10T23:42:30-07:00,0,10
style.css,147,css,a72fac2c,Henry Liu,2025-10-10,23:42:30,-07:00,2025-10-10T23:42:30-07:00,1,12
style.css,148,css,a72fac2c,Henry Liu,2025-10-10,23:42:30,-07:00,2025-10-10T23:42:30-07:00,1,57
style.css,149,css,a72fac2c,Henry Liu,2025-10-10,23:42:30,-07:00,2025-10-10T23:42:30-07:00,1,9
style.css,150,css,a72fac2c,Henry Liu,2025-10-10,23:42:30,-07:00,2025-10-10T23:42:30-07:00,1,15
style.css,151,css,a72fac2c,Henry Liu,2025-10-10,23:42:30,-07:00,2025-10-10T23:42:30-07:00,1,14
style.css,152,css,a72fac2c,Henry Liu,2025-10-10,23:42:30,-07:00,2025-10-10T23:42:30-07:00,0,0
style.css,153,css,a72fac2c,Henry Liu,2025-10-10,23:42:30,-07:00,2025-10-10T23:42:30-07:00,0,0
style.css,154,css,a72fac2c,Henry Liu,2025-10-10,23:42:30,-07:00,2025-10-10T23:42:30-07:00,0,0
style.css,155,css,a72fac2c,Henry Liu,2025-10-10,23:42:30,-07:00,2025-10-10T23:42:30-07:00,0,68
style.css,156,css,f2934362,Henry Liu,2025-10-10,23:31:59,-07:00,2025-10-10T23:31:59-07:00,0,9
style.css,157,css,f2934362,Henry Liu,2025-10-10,23:31:59,-07:00,2025-10-10T23:31:59-07:00,1,12
style.css,158,css,f2934362,Henry Liu,2025-10-10,23:31:59,-07:00,2025-10-10T23:31:59-07:00,1,58
style.css,159,css,f2934362,Henry Liu,2025-10-10,23:31:59,-07:00,2025-10-10T23:31:59-07:00,1,7
style.css,160,css,f2934362,Henry Liu,2025-10-10,23:31:59,-07:00,2025-10-10T23:31:59-07:00,0,0
style.css,161,css,f2934362,Henry Liu,2025-10-10,23:31:59,-07:00,2025-10-10T23:31:59-07:00,0,0
style.css,162,css,f2934362,Henry Liu,2025-10-10,23:31:59,-07:00,2025-10-10T23:31:59-07:00,0,17
style.css,163,css,f2934362,Henry Liu,2025-10-10,23:31:59,-07:00,2025-10-10T23:31:59-07:00,1,12
style.css,164,css,f2934362,Henry Liu,2025-10-10,23:31:59,-07:00,2025-10-10T23:31:59-07:00,1,26
style.css,165,css,f2934362,Henry Liu,2025-10-10,23:31:59,-07:00,2025-10-10T23:31:59-07:00,1,15
style.css,166,css,f2934362,Henry Liu,2025-10-10,23:31:59,-07:00,2025-10-10T23:31:59-07:00,1,7
style.css,167,css,f2934362,Henry Liu,2025-10-10,23:31:59,-07:00,2025-10-10T23:31:59-07:00,0,0
style.css,168,css,f2934362,Henry Liu,2025-10-10,23:31:59,-07:00,2025-10-10T23:31:59-07:00,0,0
style.css,169,css,d1d916df,Henry Liu,2025-11-01,02:10:06,-07:00,2025-11-01T02:10:06-07:00,0,13
style.css,170,css,d1d916df,Henry Liu,2025-11-01,02:10:06,-07:00,2025-11-01T02:10:06-07:00,1,12
style.css,171,css,d1d916df,Henry Liu,2025-11-01,02:10:06,-07:00,2025-11-01T02:10:06-07:00,1,21
style.css,172,css,d1d916df,Henry Liu,2025-11-01,02:10:06,-07:00,2025-11-01T02:10:06-07:00,0,0
style.css,173,css,d1d916df,Henry Liu,2025-11-01,02:10:06,-07:00,2025-11-01T02:10:06-07:00,0,0
style.css,174,css,d1d916df,Henry Liu,2025-11-01,02:10:06,-07:00,2025-11-01T02:10:06-07:00,0,0
style.css,175,css,d1d916df,Henry Liu,2025-11-01,02:10:06,-07:00,2025-11-01T02:10:06-07:00,0,20
style.css,176,css,d1d916df,Henry Liu,2025-11-01,02:10:06,-07:00,2025-11-01T02:10:06-07:00,1,7
style.css,177,css,d1d916df,Henry Liu,2025-11-01,02:10:06,-07:00,2025-11-01T02:10:06-07:00,0,0
style.css,178,css,d1d916df,Henry Liu,2025-11-01,02:10:06,-07:00,2025-11-01T02:10:06-07:00,0,0
style.css,179,css,d1d916df,Henry Liu,2025-11-01,02:10:06,-07:00,2025-11-01T02:10:06-07:00,0,13
style.css,180,css,d1d916df,Henry Liu,2025-11-01,02:10:06,-07:00,2025-11-01T02:10:06-07:00,1,7
style.css,181,css,d1d916df,Henry Liu,2025-11-01,02:10:06,-07:00,2025-11-01T02:10:06-07:00,1,10
style.css,182,css,d1d916df,Henry Liu,2025-11-01,02:10:06,-07:00,2025-11-01T02:10:06-07:00,1,15
style.css,183,css,d1d916df,Henry Liu,2025-11-01,02:10:06,-07:00,2025-11-01T02:10:06-07:00,1,16
style.css,184,css,d1d916df,Henry Liu,2025-11-01,02:10:06,-07:00,2025-11-01T02:10:06-07:00,1,64
style.css,185,css,d1d916df,Henry Liu,2025-11-01,02:10:06,-07:00,2025-11-01T02:10:06-07:00,1,34
style.css,186,css,d1d916df,Henry Liu,2025-11-01,02:10:06,-07:00,2025-11-01T02:10:06-07:00,0,0
style.css,187,css,d1d916df,Henry Liu,2025-11-01,02:10:06,-07:00,2025-11-01T02:10:06-07:00,0,0
style.css,188,css,f2934362,Henry Liu,2025-10-10,23:31:59,-07:00,2025-10-10T23:31:59-07:00,0,12
style.css,189,css,f2934362,Henry Liu,2025-10-10,23:31:59,-07:00,2025-10-10T23:31:59-07:00,1,8
style.css,190,css,f2934362,Henry Liu,2025-10-10,23:31:59,-07:00,2025-10-10T23:31:59-07:00,0,0
style.css,191,css,f2934362,Henry Liu,2025-10-10,23:31:59,-07:00,2025-10-10T23:31:59-07:00,0,0
style.css,192,css,f2934362,Henry Liu,2025-10-10,23:31:59,-07:00,2025-10-10T23:31:59-07:00,0,2
style.css,193,css,f2934362,Henry Liu,2025-10-10,23:31:59,-07:00,2025-10-10T23:31:59-07:00,1,14
style.css,194,css,f2934362,Henry Liu,2025-10-10,23:31:59,-07:00,2025-10-10T23:31:59-07:00,0,0
style.css,195,css,f2934362,Henry Liu,2025-10-10,23:31:59,-07:00,2025-10-10T23:31:59-07:00,0,0
style.css,196,css,f2934362,Henry Liu,2025-10-10,23:31:59,-07:00,2025-10-10T23:31:59-07:00,0,22
style.css,197,css,f2934362,Henry Liu,2025-10-10,23:31:59,-07:00,2025-10-10T23:31:59-07:00,1,15
style.css,198,css,f2934362,Henry Liu,2025-10-10,23:31:59,-07:00,2025-10-10T23:31:59-07:00,1,17
style.css,199,css,911d636d,Henry Liu,2025-10-18,21:23:45,-07:00,2025-10-18T21:23:45-07:00,0,0
style.css,200,css,911d636d,Henry Liu,2025-10-18,21:23:45,-07:00,2025-10-18T21:23:45-07:00,0,0
style.css,201,css,a0320e51,Henry Liu,2025-11-01,02:29:02,-07:00,2025-11-01T02:29:02-07:00,0,18
style.css,202,css,a0320e51,Henry Liu,2025-11-01,02:29:02,-07:00,2025-11-01T02:29:02-07:00,1,14
style.css,203,css,a0320e51,Henry Liu,2025-11-01,02:29:02,-07:00,2025-11-01T02:29:02-07:00,1,16
style.css,204,css,a0320e51,Henry Liu,2025-11-01,02:29:02,-07:00,2025-11-01T02:29:02-07:00,1,16
style.css,205,css,a0320e51,Henry Liu,2025-11-01,02:29:02,-07:00,2025-11-01T02:29:02-07:00,0,0
style.css,206,css,a0320e51,Henry Liu,2025-11-01,02:29:02,-07:00,2025-11-01T02:29:02-07:00,0,0
style.css,207,css,8b4dab88,Henry Liu,2025-11-01,11:10:20,-07:00,2025-11-01T11:10:20-07:00,0,66
style.css,208,css,8b4dab88,Henry Liu,2025-11-01,11:10:20,-07:00,2025-11-01T11:10:20-07:00,0,0
style.css,209,css,8b4dab88,Henry Liu,2025-11-01,11:10:20,-07:00,2025-11-01T11:10:20-07:00,0,10
style.css,210,css,8b4dab88,Henry Liu,2025-11-01,11:10:20,-07:00,2025-11-01T11:10:20-07:00,1,12
style.css,211,css,8b4dab88,Henry Liu,2025-11-01,11:10:20,-07:00,2025-11-01T11:10:20-07:00,1,18
style.css,212,css,8b4dab88,Henry Liu,2025-11-01,11:10:20,-07:00,2025-11-01T11:10:20-07:00,1,9
style.css,213,css,8b4dab88,Henry Liu,2025-11-01,11:10:20,-07:00,2025-11-01T11:10:20-07:00,1,14
style.css,214,css,8b4dab88,Henry Liu,2025-11-01,11:10:20,-07:00,2025-11-01T11:10:20-07:00,1,16
style.css,215,css,8b4dab88,Henry Liu,2025-11-01,11:10:20,-07:00,2025-11-01T11:10:20-07:00,0,0
style.css,216,css,8b4dab88,Henry Liu,2025-11-01,11:10:20,-07:00,2025-11-01T11:10:20-07:00,0,0
style.css,217,css,8b4dab88,Henry Liu,2025-11-01,11:10:20,-07:00,2025-11-01T11:10:20-07:00,0,7
style.css,218,css,8b4dab88,Henry Liu,2025-11-01,11:10:20,-07:00,2025-11-01T11:10:20-07:00,1,6
style.css,219,css,8b4dab88,Henry Liu,2025-11-01,11:10:20,-07:00,2025-11-01T11:10:20-07:00,1,12
style.css,220,css,8b4dab88,Henry Liu,2025-11-01,11:10:20,-07:00,2025-11-01T11:10:20-07:00,1,57
style.css,221,css,8b4dab88,Henry Liu,2025-11-01,11:10:20,-07:00,2025-11-01T11:10:20-07:00,1,7
style.css,222,css,8b4dab88,Henry Liu,2025-11-01,11:10:20,-07:00,2025-11-01T11:10:20-07:00,1,15
style.css,223,css,8b4dab88,Henry Liu,2025-11-01,11:10:20,-07:00,2025-11-01T11:10:20-07:00,1,21
style.css,224,css,8b4dab88,Henry Liu,2025-11-01,11:10:20,-07:00,2025-11-01T11:10:20-07:00,1,14
style.css,225,css,8b4dab88,Henry Liu,2025-11-01,11:10:20,-07:00,2025-11-01T11:10:20-07:00,1,14
style.css,226,css,8b4dab88,Henry Liu,2025-11-01,11:10:20,-07:00,2025-11-01T11:10:20-07:00,0,0
style.css,227,css,8b4dab88,Henry Liu,2025-11-01,11:10:20,-07:00,2025-11-01T11:10:20-07:00,0,0
style.css,228,css,8b4dab88,Henry Liu,2025-11-01,11:10:20,-07:00,2025-11-01T11:10:20-07:00,0,10
style.css,229,css,8b4dab88,Henry Liu,2025-11-01,11:10:20,-07:00,2025-11-01T11:10:20-07:00,1,12
style.css,230,css,8b4dab88,Henry Liu,2025-11-01,11:10:20,-07:00,2025-11-01T11:10:20-07:00,1,18
style.css,231,css,8b4dab88,Henry Liu,2025-11-01,11:10:20,-07:00,2025-11-01T11:10:20-07:00,1,45
style.css,232,css,8b4dab88,Henry Liu,2025-11-01,11:10:20,-07:00,2025-11-01T11:10:20-07:00,0,0
style.css,233,css,8b4dab88,Henry Liu,2025-11-01,11:10:20,-07:00,2025-11-01T11:10:20-07:00,0,0
style.css,234,css,8b4dab88,Henry Liu,2025-11-01,11:10:20,-07:00,2025-11-01T11:10:20-07:00,0,15
style.css,235,css,8b4dab88,Henry Liu,2025-11-01,11:10:20,-07:00,2025-11-01T11:10:20-07:00,1,20
style.css,236,css,8b4dab88,Henry Liu,2025-11-01,11:10:20,-07:00,2025-11-01T11:10:20-07:00,1,9
style.css,237,css,8b4dab88,Henry Liu,2025-11-01,11:10:20,-07:00,2025-11-01T11:10:20-07:00,1,10
style.css,238,css,8b4dab88,Henry Liu,2025-11-01,11:10:20,-07:00,2025-11-01T11:10:20-07:00,1,29
style.css,239,css,8b4dab88,Henry Liu,2025-11-01,11:10:20,-07:00,2025-11-01T11:10:20-07:00,1,17
style.css,240,css,b3b3a0da,Henry Liu,2025-11-01,20:48:40,-07:00,2025-11-01T20:48:40-07:00,1,42
style.css,241,css,8b4dab88,Henry Liu,2025-11-01,11:10:20,-07:00,2025-11-01T11:10:20-07:00,0,0
style.css,242,css,8b4dab88,Henry Liu,2025-11-01,11:10:20,-07:00,2025-11-01T11:10:20-07:00,0,0
style.css,243,css,8b4dab88,Henry Liu,2025-11-01,11:10:20,-07:00,2025-11-01T11:10:20-07:00,0,0
style.css,244,css,911d636d,Henry Liu,2025-10-18,21:23:45,-07:00,2025-10-18T21:23:45-07:00,0,70
style.css,245,css,911d636d,Henry Liu,2025-10-18,21:23:45,-07:00,2025-10-18T21:23:45-07:00,0,13
style.css,246,css,911d636d,Henry Liu,2025-10-18,21:23:45,-07:00,2025-10-18T21:23:45-07:00,1,17
style.css,247,css,911d636d,Henry Liu,2025-10-18,21:23:45,-07:00,2025-10-18T21:23:45-07:00,1,8
style.css,248,css,911d636d,Henry Liu,2025-10-18,21:23:45,-07:00,2025-10-18T21:23:45-07:00,1,10
style.css,249,css,911d636d,Henry Liu,2025-10-18,21:23:45,-07:00,2025-10-18T21:23:45-07:00,1,13
style.css,250,css,911d636d,Henry Liu,2025-10-18,21:23:45,-07:00,2025-10-18T21:23:45-07:00,1,19
style.css,251,css,911d636d,Henry Liu,2025-10-18,21:23:45,-07:00,2025-10-18T21:23:45-07:00,0,0
style.css,252,css,911d636d,Henry Liu,2025-10-18,21:23:45,-07:00,2025-10-18T21:23:45-07:00,0,0
style.css,253,css,911d636d,Henry Liu,2025-10-18,21:23:45,-07:00,2025-10-18T21:23:45-07:00,0,20
style.css,254,css,911d636d,Henry Liu,2025-10-18,21:23:45,-07:00,2025-10-18T21:23:45-07:00,1,19
style.css,255,css,911d636d,Henry Liu,2025-10-18,21:23:45,-07:00,2025-10-18T21:23:45-07:00,1,17
style.css,256,css,911d636d,Henry Liu,2025-10-18,21:23:45,-07:00,2025-10-18T21:23:45-07:00,1,14
style.css,257,css,7225c6fb,Henry Liu,2025-10-25,23:12:06,-07:00,2025-10-25T23:12:06-07:00,0,0
style.css,258,css,7225c6fb,Henry Liu,2025-10-25,23:12:06,-07:00,2025-10-25T23:12:06-07:00,0,0
style.css,259,css,7225c6fb,Henry Liu,2025-10-25,23:12:06,-07:00,2025-10-25T23:12:06-07:00,0,14
style.css,260,css,7225c6fb,Henry Liu,2025-10-25,23:12:06,-07:00,2025-10-25T23:12:06-07:00,1,12
style.css,261,css,7225c6fb,Henry Liu,2025-10-25,23:12:06,-07:00,2025-10-25T23:12:06-07:00,1,11
style.css,262,css,7225c6fb,Henry Liu,2025-10-25,23:12:06,-07:00,2025-10-25T23:12:06-07:00,1,36
style.css,263,css,7225c6fb,Henry Liu,2025-10-25,23:12:06,-07:00,2025-10-25T23:12:06-07:00,1,18
style.css,264,css,7225c6fb,Henry Liu,2025-10-25,23:12:06,-07:00,2025-10-25T23:12:06-07:00,1,17
style.css,265,css,7225c6fb,Henry Liu,2025-10-25,23:12:06,-07:00,2025-10-25T23:12:06-07:00,0,0
style.css,266,css,7225c6fb,Henry Liu,2025-10-25,23:12:06,-07:00,2025-10-25T23:12:06-07:00,0,0
style.css,267,css,7225c6fb,Henry Liu,2025-10-25,23:12:06,-07:00,2025-10-25T23:12:06-07:00,0,17
style.css,268,css,7225c6fb,Henry Liu,2025-10-25,23:12:06,-07:00,2025-10-25T23:12:06-07:00,1,12
style.css,269,css,7225c6fb,Henry Liu,2025-10-25,23:12:06,-07:00,2025-10-25T23:12:06-07:00,1,18
style.css,270,css,7225c6fb,Henry Liu,2025-10-25,23:12:06,-07:00,2025-10-25T23:12:06-07:00,1,43
style.css,271,css,7225c6fb,Henry Liu,2025-10-25,23:12:06,-07:00,2025-10-25T23:12:06-07:00,1,20
style.css,272,css,7225c6fb,Henry Liu,2025-10-25,23:12:06,-07:00,2025-10-25T23:12:06-07:00,1,16
style.css,273,css,7225c6fb,Henry Liu,2025-10-25,23:12:06,-07:00,2025-10-25T23:12:06-07:00,0,0
style.css,274,css,7225c6fb,Henry Liu,2025-10-25,23:12:06,-07:00,2025-10-25T23:12:06-07:00,0,0
style.css,275,css,7225c6fb,Henry Liu,2025-10-25,23:12:06,-07:00,2025-10-25T23:12:06-07:00,0,17
style.css,276,css,7225c6fb,Henry Liu,2025-10-25,23:12:06,-07:00,2025-10-25T23:12:06-07:00,1,12
style.css,277,css,7225c6fb,Henry Liu,2025-10-25,23:12:06,-07:00,2025-10-25T23:12:06-07:00,1,36
style.css,278,css,7225c6fb,Henry Liu,2025-10-25,23:12:06,-07:00,2025-10-25T23:12:06-07:00,1,17
style.css,279,css,7225c6fb,Henry Liu,2025-10-25,23:12:06,-07:00,2025-10-25T23:12:06-07:00,1,9
style.css,280,css,7225c6fb,Henry Liu,2025-10-25,23:12:06,-07:00,2025-10-25T23:12:06-07:00,0,0
style.css,281,css,7225c6fb,Henry Liu,2025-10-25,23:12:06,-07:00,2025-10-25T23:12:06-07:00,0,0
style.css,282,css,7225c6fb,Henry Liu,2025-10-25,23:12:06,-07:00,2025-10-25T23:12:06-07:00,0,17
style.css,283,css,7225c6fb,Henry Liu,2025-10-25,23:12:06,-07:00,2025-10-25T23:12:06-07:00,1,10
style.css,284,css,7225c6fb,Henry Liu,2025-10-25,23:12:06,-07:00,2025-10-25T23:12:06-07:00,1,24
style.css,285,css,7225c6fb,Henry Liu,2025-10-25,23:12:06,-07:00,2025-10-25T23:12:06-07:00,1,18
style.css,286,css,7225c6fb,Henry Liu,2025-10-25,23:12:06,-07:00,2025-10-25T23:12:06-07:00,1,16
style.css,287,css,7225c6fb,Henry Liu,2025-10-25,23:12:06,-07:00,2025-10-25T23:12:06-07:00,1,20
style.css,288,css,7225c6fb,Henry Liu,2025-10-25,23:12:06,-07:00,2025-10-25T23:12:06-07:00,0,0
style.css,289,css,7225c6fb,Henry Liu,2025-10-25,23:12:06,-07:00,2025-10-25T23:12:06-07:00,0,0
style.css,290,css,7225c6fb,Henry Liu,2025-10-25,23:12:06,-07:00,2025-10-25T23:12:06-07:00,0,17
style.css,291,css,7225c6fb,Henry Liu,2025-10-25,23:12:06,-07:00,2025-10-25T23:12:06-07:00,1,10
style.css,292,css,7225c6fb,Henry Liu,2025-10-25,23:12:06,-07:00,2025-10-25T23:12:06-07:00,1,14
style.css,293,css,7225c6fb,Henry Liu,2025-10-25,23:12:06,-07:00,2025-10-25T23:12:06-07:00,1,15
style.css,294,css,7225c6fb,Henry Liu,2025-10-25,23:12:06,-07:00,2025-10-25T23:12:06-07:00,1,8
style.css,295,css,b3b3a0da,Henry Liu,2025-11-01,20:48:40,-07:00,2025-11-01T20:48:40-07:00,0,0
style.css,296,css,b3b3a0da,Henry Liu,2025-11-01,20:48:40,-07:00,2025-11-01T20:48:40-07:00,0,0
style.css,297,css,b3b3a0da,Henry Liu,2025-11-01,20:48:40,-07:00,2025-11-01T20:48:40-07:00,0,65
style.css,298,css,b3b3a0da,Henry Liu,2025-11-01,20:48:40,-07:00,2025-11-01T20:48:40-07:00,0,17
style.css,299,css,b3b3a0da,Henry Liu,2025-11-01,20:48:40,-07:00,2025-11-01T20:48:40-07:00,1,16
style.css,300,css,b3b3a0da,Henry Liu,2025-11-01,20:48:40,-07:00,2025-11-01T20:48:40-07:00,2,11
style.css,301,css,b3b3a0da,Henry Liu,2025-11-01,20:48:40,-07:00,2025-11-01T20:48:40-07:00,1,0
style.css,302,css,b3b3a0da,Henry Liu,2025-11-01,20:48:40,-07:00,2025-11-01T20:48:40-07:00,0,0
style.css,303,css,b3b3a0da,Henry Liu,2025-11-01,20:48:40,-07:00,2025-11-01T20:48:40-07:00,0,4
style.css,304,css,b3b3a0da,Henry Liu,2025-11-01,20:48:40,-07:00,2025-11-01T20:48:40-07:00,1,16
style.css,305,css,b3b3a0da,Henry Liu,2025-11-01,20:48:40,-07:00,2025-11-01T20:48:40-07:00,0,0
style.css,306,css,b3b3a0da,Henry Liu,2025-11-01,20:48:40,-07:00,2025-11-01T20:48:40-07:00,0,0
style.css,307,css,b3b3a0da,Henry Liu,2025-11-01,20:48:40,-07:00,2025-11-01T20:48:40-07:00,0,0
style.css,308,css,b3b3a0da,Henry Liu,2025-11-01,20:48:40,-07:00,2025-11-01T20:48:40-07:00,0,66
style.css,309,css,b3b3a0da,Henry Liu,2025-11-01,20:48:40,-07:00,2025-11-01T20:48:40-07:00,0,13
style.css,310,css,b3b3a0da,Henry Liu,2025-11-01,20:48:40,-07:00,2025-11-01T20:48:40-07:00,1,31
style.css,311,css,17ca6e20,Henry Liu,2025-10-10,22:37:34,-07:00,2025-10-10T22:37:34-07:00,0,0
index.js,1,js,7225c6fb,Henry Liu,2025-10-25,23:12:06,-07:00,2025-10-25T23:12:06-07:00,0,70
index.js,2,js,7225c6fb,Henry Liu,2025-10-25,23:12:06,-07:00,2025-10-25T23:12:06-07:00,0,0
index.js,3,js,7225c6fb,Henry Liu,2025-10-25,23:12:06,-07:00,2025-10-25T23:12:06-07:00,0,54
index.js,4,js,7225c6fb,Henry Liu,2025-10-25,23:12:06,-07:00,2025-10-25T23:12:06-07:00,0,42
index.js,5,js,7225c6fb,Henry Liu,2025-10-25,23:12:06,-07:00,2025-10-25T23:12:06-07:00,0,0
index.js,6,js,7225c6fb,Henry Liu,2025-10-25,23:12:06,-07:00,2025-10-25T23:12:06-07:00,0,60
index.js,7,js,7225c6fb,Henry Liu,2025-10-25,23:12:06,-07:00,2025-10-25T23:12:06-07:00,2,0
index.js,8,js,7225c6fb,Henry Liu,2025-10-25,23:12:06,-07:00,2025-10-25T23:12:06-07:00,0,54
index.js,9,js,7225c6fb,Henry Liu,2025-10-25,23:12:06,-07:00,2025-10-25T23:12:06-07:00,0,0
index.js,10,js,7225c6fb,Henry Liu,2025-10-25,23:12:06,-07:00,2025-10-25T23:12:06-07:00,0,52
index.js,11,js,7225c6fb,Henry Liu,2025-10-25,23:12:06,-07:00,2025-10-25T23:12:06-07:00,0,60
index.js,12,js,7225c6fb,Henry Liu,2025-10-25,23:12:06,-07:00,2025-10-25T23:12:06-07:00,0,17
index.js,13,js,7225c6fb,Henry Liu,2025-10-25,23:12:06,-07:00,2025-10-25T23:12:06-07:00,2,24
index.js,14,js,7225c6fb,Henry Liu,2025-10-25,23:12:06,-07:00,2025-10-25T23:12:06-07:00,4,22
index.js,15,js,7225c6fb,Henry Liu,2025-10-25,23:12:06,-07:00,2025-10-25T23:12:06-07:00,5,2
index.js,16,js,7225c6fb,Henry Liu,2025-10-25,23:12:06,-07:00,2025-10-25T23:12:06-07:00,6,49
index.js,17,js,7225c6fb,Henry Liu,2025-10-25,23:12:06,-07:00,2025-10-25T23:12:06-07:00,6,49
index.js,18,js,7225c6fb,Henry Liu,2025-10-25,23:12:06,-07:00,2025-10-25T23:12:06-07:00,6,55
index.js,19,js,7225c6fb,Henry Liu,2025-10-25,23:12:06,-07:00,2025-10-25T23:12:06-07:00,6,55
index.js,20,js,7225c6fb,Henry Liu,2025-10-25,23:12:06,-07:00,2025-10-25T23:12:06-07:00,5,3
index.js,21,js,7225c6fb,Henry Liu,2025-10-25,23:12:06,-07:00,2025-10-25T23:12:06-07:00,3,0
index.js,22,js,7225c6fb,Henry Liu,2025-10-25,23:12:06,-07:00,2025-10-25T23:12:06-07:00,1,0
index.html,1,html,cf05d905,Henry Liu,2025-10-03,01:46:34,-07:00,2025-10-03T01:46:34-07:00,0,13
index.html,2,html,cf05d905,Henry Liu,2025-10-03,01:46:34,-07:00,2025-10-03T01:46:34-07:00,0,14
index.html,3,html,cf05d905,Henry Liu,2025-10-03,01:46:34,-07:00,2025-10-03T01:46:34-07:00,0,4
index.html,4,html,cf05d905,Henry Liu,2025-10-03,01:46:34,-07:00,2025-10-03T01:46:34-07:00,2,20
index.html,5,html,cf05d905,Henry Liu,2025-10-03,01:46:34,-07:00,2025-10-03T01:46:34-07:00,2,68
index.html,6,html,cf05d905,Henry Liu,2025-10-03,01:46:34,-07:00,2025-10-03T01:46:34-07:00,2,51
index.html,7,html,1ca7499b,Henry Liu,2025-10-03,15:04:00,-07:00,2025-10-03T15:04:00-07:00,2,38
index.html,8,html,e7d75b45,Henry Liu,2025-10-18,14:25:22,-07:00,2025-10-18T14:25:22-07:00,2,51
index.html,9,html,cf05d905,Henry Liu,2025-10-03,01:46:34,-07:00,2025-10-03T01:46:34-07:00,0,5
index.html,10,html,cf05d905,Henry Liu,2025-10-03,01:46:34,-07:00,2025-10-03T01:46:34-07:00,0,4
index.html,11,html,cf05d905,Henry Liu,2025-10-03,01:46:34,-07:00,2025-10-03T01:46:34-07:00,2,16
index.html,12,html,d05e797a,Henry Liu,2025-10-03,01:51:51,-07:00,2025-10-03T01:51:51-07:00,2,127
index.html,13,html,1ca7499b,Henry Liu,2025-10-03,15:04:00,-07:00,2025-10-03T15:04:00-07:00,4,54
index.html,14,html,cf05d905,Henry Liu,2025-10-03,01:46:34,-07:00,2025-10-03T01:46:34-07:00,2,2
index.html,15,html,7225c6fb,Henry Liu,2025-10-25,23:12:06,-07:00,2025-10-25T23:12:06-07:00,2,29
index.html,16,html,7225c6fb,Henry Liu,2025-10-25,23:12:06,-07:00,2025-10-25T23:12:06-07:00,2,52
index.html,17,html,7225c6fb,Henry Liu,2025-10-25,23:12:06,-07:00,2025-10-25T23:12:06-07:00,2,0
index.html,18,html,7225c6fb,Henry Liu,2025-10-25,23:12:06,-07:00,2025-10-25T23:12:06-07:00,2,22
index.html,19,html,7225c6fb,Henry Liu,2025-10-25,23:12:06,-07:00,2025-10-25T23:12:06-07:00,2,20
index.html,20,html,7225c6fb,Henry Liu,2025-10-25,23:12:06,-07:00,2025-10-25T23:12:06-07:00,4,49
index.html,21,html,7225c6fb,Henry Liu,2025-10-25,23:12:06,-07:00,2025-10-25T23:12:06-07:00,2,4
index.html,22,html,7225c6fb,Henry Liu,2025-10-25,23:12:06,-07:00,2025-10-25T23:12:06-07:00,2,50
index.html,23,html,7225c6fb,Henry Liu,2025-10-25,23:12:06,-07:00,2025-10-25T23:12:06-07:00,2,28
index.html,24,html,cf05d905,Henry Liu,2025-10-03,01:46:34,-07:00,2025-10-03T01:46:34-07:00,0,5
index.html,25,html,cf05d905,Henry Liu,2025-10-03,01:46:34,-07:00,2025-10-03T01:46:34-07:00,0,5
global.js,1,js,af4f39b5,Henry Liu,2025-10-17,00:57:13,-07:00,2025-10-17T00:57:13-07:00,0,25
global.js,2,js,af4f39b5,Henry Liu,2025-10-17,00:57:13,-07:00,2025-10-17T00:57:13-07:00,0,0
global.js,3,js,af4f39b5,Henry Liu,2025-10-17,00:57:13,-07:00,2025-10-17T00:57:13-07:00,0,41
global.js,4,js,af4f39b5,Henry Liu,2025-10-17,00:57:13,-07:00,2025-10-17T00:57:13-07:00,1,52
global.js,5,js,bbc6a557,Henry Liu,2025-10-18,15:00:53,-07:00,2025-10-18T15:00:53-07:00,0,0
global.js,6,js,bbc6a557,Henry Liu,2025-10-18,15:00:53,-07:00,2025-10-18T15:00:53-07:00,0,0
global.js,7,js,bbc6a557,Henry Liu,2025-10-18,15:00:53,-07:00,2025-10-18T15:00:53-07:00,0,11
global.js,8,js,bbc6a557,Henry Liu,2025-10-18,15:00:53,-07:00,2025-10-18T15:00:53-07:00,2,25
global.js,9,js,bbc6a557,Henry Liu,2025-10-18,15:00:53,-07:00,2025-10-18T15:00:53-07:00,2,38
global.js,10,js,bbc6a557,Henry Liu,2025-10-18,15:00:53,-07:00,2025-10-18T15:00:53-07:00,2,38
global.js,11,js,bbc6a557,Henry Liu,2025-10-18,15:00:53,-07:00,2025-10-18T15:00:53-07:00,2,33
global.js,12,js,00000000,Not Committed Yet,2025-11-06,17:50:34,-08:00,2025-11-06T17:50:34-08:00,2,29
global.js,13,js,bbc6a557,Henry Liu,2025-10-18,15:00:53,-07:00,2025-10-18T15:00:53-07:00,2,54
global.js,14,js,bbc6a557,Henry Liu,2025-10-18,15:00:53,-07:00,2025-10-18T15:00:53-07:00,0,0
global.js,15,js,bbc6a557,Henry Liu,2025-10-18,15:00:53,-07:00,2025-10-18T15:00:53-07:00,0,0
global.js,16,js,bbc6a557,Henry Liu,2025-10-18,15:00:53,-07:00,2025-10-18T15:00:53-07:00,0,88
global.js,17,js,bbc6a557,Henry Liu,2025-10-18,15:00:53,-07:00,2025-10-18T15:00:53-07:00,1,36
global.js,18,js,f934646d,Henry Liu,2025-10-18,15:17:54,-07:00,2025-10-18T15:17:54-07:00,1,38
global.js,19,js,bbc6a557,Henry Liu,2025-10-18,15:00:53,-07:00,2025-10-18T15:00:53-07:00,0,0
global.js,20,js,bbc6a557,Henry Liu,2025-10-18,15:00:53,-07:00,2025-10-18T15:00:53-07:00,0,38
global.js,21,js,bbc6a557,Henry Liu,2025-10-18,15:00:53,-07:00,2025-10-18T15:00:53-07:00,0,25
global.js,22,js,bbc6a557,Henry Liu,2025-10-18,15:00:53,-07:00,2025-10-18T15:00:53-07:00,0,0
global.js,23,js,bbc6a557,Henry Liu,2025-10-18,15:00:53,-07:00,2025-10-18T15:00:53-07:00,0,20
global.js,24,js,bbc6a557,Henry Liu,2025-10-18,15:00:53,-07:00,2025-10-18T15:00:53-07:00,2,14
global.js,25,js,bbc6a557,Henry Liu,2025-10-18,15:00:53,-07:00,2025-10-18T15:00:53-07:00,2,18
global.js,26,js,bcb7b590,Henry Liu,2025-10-18,15:15:11,-07:00,2025-10-18T15:15:11-07:00,0,0
global.js,27,js,bbc6a557,Henry Liu,2025-10-18,15:00:53,-07:00,2025-10-18T15:00:53-07:00,2,52
global.js,28,js,bbc6a557,Henry Liu,2025-10-18,15:00:53,-07:00,2025-10-18T15:00:53-07:00,0,0
global.js,29,js,bcb7b590,Henry Liu,2025-10-18,15:15:11,-07:00,2025-10-18T15:15:11-07:00,2,12
global.js,30,js,bcb7b590,Henry Liu,2025-10-18,15:15:11,-07:00,2025-10-18T15:15:11-07:00,2,34
global.js,31,js,bcb7b590,Henry Liu,2025-10-18,15:15:11,-07:00,2025-10-18T15:15:11-07:00,2,11
global.js,32,js,bcb7b590,Henry Liu,2025-10-18,15:15:11,-07:00,2025-10-18T15:15:11-07:00,2,20
global.js,33,js,f934646d,Henry Liu,2025-10-18,15:17:54,-07:00,2025-10-18T15:17:54-07:00,0,0
global.js,34,js,bcb7b590,Henry Liu,2025-10-18,15:15:11,-07:00,2025-10-18T15:15:11-07:00,2,31
global.js,35,js,bcb7b590,Henry Liu,2025-10-18,15:15:11,-07:00,2025-10-18T15:15:11-07:00,2,29
global.js,36,js,bcb7b590,Henry Liu,2025-10-18,15:15:11,-07:00,2025-10-18T15:15:11-07:00,4,18
global.js,37,js,bcb7b590,Henry Liu,2025-10-18,15:15:11,-07:00,2025-10-18T15:15:11-07:00,2,0
global.js,38,js,bbc6a557,Henry Liu,2025-10-18,15:00:53,-07:00,2025-10-18T15:00:53-07:00,0,0
global.js,39,js,bcb7b590,Henry Liu,2025-10-18,15:15:11,-07:00,2025-10-18T15:15:11-07:00,2,17
global.js,40,js,bcb7b590,Henry Liu,2025-10-18,15:15:11,-07:00,2025-10-18T15:15:11-07:00,4,8
global.js,41,js,bcb7b590,Henry Liu,2025-10-18,15:15:11,-07:00,2025-10-18T15:15:11-07:00,4,59
global.js,42,js,f934646d,Henry Liu,2025-10-18,15:17:54,-07:00,2025-10-18T15:17:54-07:00,2,0
global.js,43,js,bcb7b590,Henry Liu,2025-10-18,15:15:11,-07:00,2025-10-18T15:15:11-07:00,2,12
global.js,44,js,911d636d,Henry Liu,2025-10-18,21:23:45,-07:00,2025-10-18T21:23:45-07:00,0,0
global.js,45,js,911d636d,Henry Liu,2025-10-18,21:23:45,-07:00,2025-10-18T21:23:45-07:00,0,0
global.js,46,js,911d636d,Henry Liu,2025-10-18,21:23:45,-07:00,2025-10-18T21:23:45-07:00,0,31
global.js,47,js,911d636d,Henry Liu,2025-10-18,21:23:45,-07:00,2025-10-18T21:23:45-07:00,2,11
global.js,48,js,911d636d,Henry Liu,2025-10-18,21:23:45,-07:00,2025-10-18T21:23:45-07:00,2,0
global.js,49,js,911d636d,Henry Liu,2025-10-18,21:23:45,-07:00,2025-10-18T21:23:45-07:00,3,26
global.js,50,js,911d636d,Henry Liu,2025-10-18,21:23:45,-07:00,2025-10-18T21:23:45-07:00,5,4
global.js,51,js,911d636d,Henry Liu,2025-10-18,21:23:45,-07:00,2025-10-18T21:23:45-07:00,5,24
global.js,52,js,911d636d,Henry Liu,2025-10-18,21:23:45,-07:00,2025-10-18T21:23:45-07:00,6,43
global.js,53,js,911d636d,Henry Liu,2025-10-18,21:23:45,-07:00,2025-10-18T21:23:45-07:00,6,34
global.js,54,js,911d636d,Henry Liu,2025-10-18,21:23:45,-07:00,2025-10-18T21:23:45-07:00,6,32
global.js,55,js,911d636d,Henry Liu,2025-10-18,21:23:45,-07:00,2025-10-18T21:23:45-07:00,4,7
global.js,56,js,911d636d,Henry Liu,2025-10-18,21:23:45,-07:00,2025-10-18T21:23:45-07:00,3,8
global.js,57,js,911d636d,Henry Liu,2025-10-18,21:23:45,-07:00,2025-10-18T21:23:45-07:00,0,0
global.js,58,js,911d636d,Henry Liu,2025-10-18,21:23:45,-07:00,2025-10-18T21:23:45-07:00,0,60
global.js,59,js,911d636d,Henry Liu,2025-10-18,21:23:45,-07:00,2025-10-18T21:23:45-07:00,0,0
global.js,60,js,911d636d,Henry Liu,2025-10-18,21:23:45,-07:00,2025-10-18T21:23:45-07:00,0,49
global.js,61,js,911d636d,Henry Liu,2025-10-18,21:23:45,-07:00,2025-10-18T21:23:45-07:00,2,57
global.js,62,js,911d636d,Henry Liu,2025-10-18,21:23:45,-07:00,2025-10-18T21:23:45-07:00,2,77
global.js,63,js,7225c6fb,Henry Liu,2025-10-25,23:12:06,-07:00,2025-10-25T23:12:06-07:00,0,1
global.js,64,js,7225c6fb,Henry Liu,2025-10-25,23:12:06,-07:00,2025-10-25T23:12:06-07:00,0,0
global.js,65,js,7225c6fb,Henry Liu,2025-10-25,23:12:06,-07:00,2025-10-25T23:12:06-07:00,0,36
global.js,66,js,7225c6fb,Henry Liu,2025-10-25,23:12:06,-07:00,2025-10-25T23:12:06-07:00,1,3
global.js,67,js,7225c6fb,Henry Liu,2025-10-25,23:12:06,-07:00,2025-10-25T23:12:06-07:00,2,39
global.js,68,js,7225c6fb,Henry Liu,2025-10-25,23:12:06,-07:00,2025-10-25T23:12:06-07:00,2,32
global.js,69,js,7225c6fb,Henry Liu,2025-10-25,23:12:06,-07:00,2025-10-25T23:12:06-07:00,2,17
global.js,70,js,7225c6fb,Henry Liu,2025-10-25,23:12:06,-07:00,2025-10-25T23:12:06-07:00,3,66
global.js,71,js,7225c6fb,Henry Liu,2025-10-25,23:12:06,-07:00,2025-10-25T23:12:06-07:00,2,0
global.js,72,js,7225c6fb,Henry Liu,2025-10-25,23:12:06,-07:00,2025-10-25T23:12:06-07:00,2,33
global.js,73,js,7225c6fb,Henry Liu,2025-10-25,23:12:06,-07:00,2025-10-25T23:12:06-07:00,2,10
global.js,74,js,7225c6fb,Henry Liu,2025-10-25,23:12:06,-07:00,2025-10-25T23:12:06-07:00,1,15
global.js,75,js,7225c6fb,Henry Liu,2025-10-25,23:12:06,-07:00,2025-10-25T23:12:06-07:00,2,59
global.js,76,js,7225c6fb,Henry Liu,2025-10-25,23:12:06,-07:00,2025-10-25T23:12:06-07:00,1,0
global.js,77,js,7225c6fb,Henry Liu,2025-10-25,23:12:06,-07:00,2025-10-25T23:12:06-07:00,0,0
global.js,78,js,7225c6fb,Henry Liu,2025-10-25,23:12:06,-07:00,2025-10-25T23:12:06-07:00,0,0
global.js,79,js,7225c6fb,Henry Liu,2025-10-25,23:12:06,-07:00,2025-10-25T23:12:06-07:00,0,79
global.js,80,js,7225c6fb,Henry Liu,2025-10-25,23:12:06,-07:00,2025-10-25T23:12:06-07:00,1,23
global.js,81,js,7225c6fb,Henry Liu,2025-10-25,23:12:06,-07:00,2025-10-25T23:12:06-07:00,1,30
global.js,82,js,7225c6fb,Henry Liu,2025-10-25,23:12:06,-07:00,2025-10-25T23:12:06-07:00,0,0
global.js,83,js,7225c6fb,Henry Liu,2025-10-25,23:12:06,-07:00,2025-10-25T23:12:06-07:00,0,0
global.js,84,js,7225c6fb,Henry Liu,2025-10-25,23:12:06,-07:00,2025-10-25T23:12:06-07:00,1,18
global.js,85,js,7225c6fb,Henry Liu,2025-10-25,23:12:06,-07:00,2025-10-25T23:12:06-07:00,1,57
global.js,86,js,7225c6fb,Henry Liu,2025-10-25,23:12:06,-07:00,2025-10-25T23:12:06-07:00,1,42
global.js,87,js,7225c6fb,Henry Liu,2025-10-25,23:12:06,-07:00,2025-10-25T23:12:06-07:00,2,76
global.js,88,js,7225c6fb,Henry Liu,2025-10-25,23:12:06,-07:00,2025-10-25T23:12:06-07:00,2,18
global.js,89,js,7225c6fb,Henry Liu,2025-10-25,23:12:06,-07:00,2025-10-25T23:12:06-07:00,1,0
global.js,90,js,7225c6fb,Henry Liu,2025-10-25,23:12:06,-07:00,2025-10-25T23:12:06-07:00,0,0
global.js,91,js,7225c6fb,Henry Liu,2025-10-25,23:12:06,-07:00,2025-10-25T23:12:06-07:00,1,46
global.js,92,js,7225c6fb,Henry Liu,2025-10-25,23:12:06,-07:00,2025-10-25T23:12:06-07:00,1,27
global.js,93,js,7225c6fb,Henry Liu,2025-10-25,23:12:06,-07:00,2025-10-25T23:12:06-07:00,2,48
global.js,94,js,7225c6fb,Henry Liu,2025-10-25,23:12:06,-07:00,2025-10-25T23:12:06-07:00,0,0
global.js,95,js,7225c6fb,Henry Liu,2025-10-25,23:12:06,-07:00,2025-10-25T23:12:06-07:00,2,19
global.js,96,js,7225c6fb,Henry Liu,2025-10-25,23:12:06,-07:00,2025-10-25T23:12:06-07:00,3,49
global.js,97,js,7225c6fb,Henry Liu,2025-10-25,23:12:06,-07:00,2025-10-25T23:12:06-07:00,3,49
global.js,98,js,d1d916df,Henry Liu,2025-11-01,02:10:06,-07:00,2025-11-01T02:10:06-07:00,3,24
global.js,99,js,d1d916df,Henry Liu,2025-11-01,02:10:06,-07:00,2025-11-01T02:10:06-07:00,4,55
global.js,100,js,d1d916df,Henry Liu,2025-11-01,02:10:06,-07:00,2025-11-01T02:10:06-07:00,4,41
global.js,101,js,d1d916df,Henry Liu,2025-11-01,02:10:06,-07:00,2025-11-01T02:10:06-07:00,3,4
global.js,102,js,d1d916df,Henry Liu,2025-11-01,02:10:06,-07:00,2025-11-01T02:10:06-07:00,3,0
global.js,103,js,7225c6fb,Henry Liu,2025-10-25,23:12:06,-07:00,2025-10-25T23:12:06-07:00,2,36
global.js,104,js,7225c6fb,Henry Liu,2025-10-25,23:12:06,-07:00,2025-10-25T23:12:06-07:00,1,1
global.js,105,js,7225c6fb,Henry Liu,2025-10-25,23:12:06,-07:00,2025-10-25T23:12:06-07:00,1,26
global.js,106,js,7225c6fb,Henry Liu,2025-10-25,23:12:06,-07:00,2025-10-25T23:12:06-07:00,2,55
global.js,107,js,7225c6fb,Henry Liu,2025-10-25,23:12:06,-07:00,2025-10-25T23:12:06-07:00,1,0
global.js,108,js,7225c6fb,Henry Liu,2025-10-25,23:12:06,-07:00,2025-10-25T23:12:06-07:00,0,0
global.js,109,js,7225c6fb,Henry Liu,2025-10-25,23:12:06,-07:00,2025-10-25T23:12:06-07:00,0,0
global.js,110,js,7225c6fb,Henry Liu,2025-10-25,23:12:06,-07:00,2025-10-25T23:12:06-07:00,0,0
global.js,111,js,7225c6fb,Henry Liu,2025-10-25,23:12:06,-07:00,2025-10-25T23:12:06-07:00,0,47
global.js,112,js,7225c6fb,Henry Liu,2025-10-25,23:12:06,-07:00,2025-10-25T23:12:06-07:00,1,22
global.js,113,js,7225c6fb,Henry Liu,2025-10-25,23:12:06,-07:00,2025-10-25T23:12:06-07:00,1,59
global.js,114,js,7225c6fb,Henry Liu,2025-10-25,23:12:06,-07:00,2025-10-25T23:12:06-07:00,0,0
resume/index.html,1,html,214dea57,Henry Liu,2025-10-03,23:43:10,-07:00,2025-10-03T23:43:10-07:00,0,13
resume/index.html,2,html,214dea57,Henry Liu,2025-10-03,23:43:10,-07:00,2025-10-03T23:43:10-07:00,0,14
resume/index.html,3,html,214dea57,Henry Liu,2025-10-03,23:43:10,-07:00,2025-10-03T23:43:10-07:00,0,4
resume/index.html,4,html,214dea57,Henry Liu,2025-10-03,23:43:10,-07:00,2025-10-03T23:43:10-07:00,2,20
resume/index.html,5,html,214dea57,Henry Liu,2025-10-03,23:43:10,-07:00,2025-10-03T23:43:10-07:00,2,68
resume/index.html,6,html,214dea57,Henry Liu,2025-10-03,23:43:10,-07:00,2025-10-03T23:43:10-07:00,2,19
resume/index.html,7,html,214dea57,Henry Liu,2025-10-03,23:43:10,-07:00,2025-10-03T23:43:10-07:00,2,41
resume/index.html,8,html,135278b0,Henry Liu,2025-10-17,01:02:01,-07:00,2025-10-17T01:02:01-07:00,2,48
resume/index.html,9,html,214dea57,Henry Liu,2025-10-03,23:43:10,-07:00,2025-10-03T23:43:10-07:00,0,5
resume/index.html,10,html,214dea57,Henry Liu,2025-10-03,23:43:10,-07:00,2025-10-03T23:43:10-07:00,0,4
resume/index.html,11,html,214dea57,Henry Liu,2025-10-03,23:43:10,-07:00,2025-10-03T23:43:10-07:00,2,22
resume/index.html,12,html,214dea57,Henry Liu,2025-10-03,23:43:10,-07:00,2025-10-03T23:43:10-07:00,2,13
resume/index.html,13,html,214dea57,Henry Liu,2025-10-03,23:43:10,-07:00,2025-10-03T23:43:10-07:00,0,0
resume/index.html,14,html,214dea57,Henry Liu,2025-10-03,23:43:10,-07:00,2025-10-03T23:43:10-07:00,2,20
resume/index.html,15,html,214dea57,Henry Liu,2025-10-03,23:43:10,-07:00,2025-10-03T23:43:10-07:00,2,7
resume/index.html,16,html,214dea57,Henry Liu,2025-10-03,23:43:10,-07:00,2025-10-03T23:43:10-07:00,4,25
resume/index.html,17,html,214dea57,Henry Liu,2025-10-03,23:43:10,-07:00,2025-10-03T23:43:10-07:00,6,16
resume/index.html,18,html,214dea57,Henry Liu,2025-10-03,23:43:10,-07:00,2025-10-03T23:43:10-07:00,6,1
resume/index.html,19,html,214dea57,Henry Liu,2025-10-03,23:43:10,-07:00,2025-10-03T23:43:10-07:00,8,12
resume/index.html,20,html,214dea57,Henry Liu,2025-10-03,23:43:10,-07:00,2025-10-03T23:43:10-07:00,8,52
resume/index.html,21,html,214dea57,Henry Liu,2025-10-03,23:43:10,-07:00,2025-10-03T23:43:10-07:00,8,76
resume/index.html,22,html,214dea57,Henry Liu,2025-10-03,23:43:10,-07:00,2025-10-03T23:43:10-07:00,8,77
resume/index.html,23,html,214dea57,Henry Liu,2025-10-03,23:43:10,-07:00,2025-10-03T23:43:10-07:00,6,2
resume/index.html,24,html,214dea57,Henry Liu,2025-10-03,23:43:10,-07:00,2025-10-03T23:43:10-07:00,4,7
resume/index.html,25,html,214dea57,Henry Liu,2025-10-03,23:43:10,-07:00,2025-10-03T23:43:10-07:00,2,8
resume/index.html,26,html,214dea57,Henry Liu,2025-10-03,23:43:10,-07:00,2025-10-03T23:43:10-07:00,0,0
resume/index.html,27,html,214dea57,Henry Liu,2025-10-03,23:43:10,-07:00,2025-10-03T23:43:10-07:00,2,16
resume/index.html,28,html,214dea57,Henry Liu,2025-10-03,23:43:10,-07:00,2025-10-03T23:43:10-07:00,2,22
resume/index.html,29,html,214dea57,Henry Liu,2025-10-03,23:43:10,-07:00,2025-10-03T23:43:10-07:00,4,16
resume/index.html,30,html,214dea57,Henry Liu,2025-10-03,23:43:10,-07:00,2025-10-03T23:43:10-07:00,4,7
resume/index.html,31,html,214dea57,Henry Liu,2025-10-03,23:43:10,-07:00,2025-10-03T23:43:10-07:00,6,1
resume/index.html,32,html,214dea57,Henry Liu,2025-10-03,23:43:10,-07:00,2025-10-03T23:43:10-07:00,8,50
resume/index.html,33,html,214dea57,Henry Liu,2025-10-03,23:43:10,-07:00,2025-10-03T23:43:10-07:00,8,40
resume/index.html,34,html,214dea57,Henry Liu,2025-10-03,23:43:10,-07:00,2025-10-03T23:43:10-07:00,8,2
resume/index.html,35,html,214dea57,Henry Liu,2025-10-03,23:43:10,-07:00,2025-10-03T23:43:10-07:00,8,37
resume/index.html,36,html,214dea57,Henry Liu,2025-10-03,23:43:10,-07:00,2025-10-03T23:43:10-07:00,8,22
resume/index.html,37,html,214dea57,Henry Liu,2025-10-03,23:43:10,-07:00,2025-10-03T23:43:10-07:00,10,48
resume/index.html,38,html,214dea57,Henry Liu,2025-10-03,23:43:10,-07:00,2025-10-03T23:43:10-07:00,8,5
resume/index.html,39,html,214dea57,Henry Liu,2025-10-03,23:43:10,-07:00,2025-10-03T23:43:10-07:00,6,2
resume/index.html,40,html,214dea57,Henry Liu,2025-10-03,23:43:10,-07:00,2025-10-03T23:43:10-07:00,6,2
resume/index.html,41,html,214dea57,Henry Liu,2025-10-03,23:43:10,-07:00,2025-10-03T23:43:10-07:00,8,21
resume/index.html,42,html,214dea57,Henry Liu,2025-10-03,23:43:10,-07:00,2025-10-03T23:43:10-07:00,8,95
resume/index.html,43,html,214dea57,Henry Liu,2025-10-03,23:43:10,-07:00,2025-10-03T23:43:10-07:00,6,3
resume/index.html,44,html,214dea57,Henry Liu,2025-10-03,23:43:10,-07:00,2025-10-03T23:43:10-07:00,4,8
resume/index.html,45,html,214dea57,Henry Liu,2025-10-03,23:43:10,-07:00,2025-10-03T23:43:10-07:00,2,8
resume/index.html,46,html,214dea57,Henry Liu,2025-10-03,23:43:10,-07:00,2025-10-03T23:43:10-07:00,2,17
resume/index.html,47,html,214dea57,Henry Liu,2025-10-03,23:43:10,-07:00,2025-10-03T23:43:10-07:00,2,23
resume/index.html,48,html,214dea57,Henry Liu,2025-10-03,23:43:10,-07:00,2025-10-03T23:43:10-07:00,4,17
resume/index.html,49,html,214dea57,Henry Liu,2025-10-03,23:43:10,-07:00,2025-10-03T23:43:10-07:00,4,7
resume/index.html,50,html,214dea57,Henry Liu,2025-10-03,23:43:10,-07:00,2025-10-03T23:43:10-07:00,6,1
resume/index.html,51,html,214dea57,Henry Liu,2025-10-03,23:43:10,-07:00,2025-10-03T23:43:10-07:00,8,46
resume/index.html,52,html,214dea57,Henry Liu,2025-10-03,23:43:10,-07:00,2025-10-03T23:43:10-07:00,6,50
resume/index.html,53,html,214dea57,Henry Liu,2025-10-03,23:43:10,-07:00,2025-10-03T23:43:10-07:00,6,2
resume/index.html,54,html,214dea57,Henry Liu,2025-10-03,23:43:10,-07:00,2025-10-03T23:43:10-07:00,6,43
resume/index.html,55,html,214dea57,Henry Liu,2025-10-03,23:43:10,-07:00,2025-10-03T23:43:10-07:00,6,2
resume/index.html,56,html,214dea57,Henry Liu,2025-10-03,23:43:10,-07:00,2025-10-03T23:43:10-07:00,6,2
resume/index.html,57,html,214dea57,Henry Liu,2025-10-03,23:43:10,-07:00,2025-10-03T23:43:10-07:00,8,148
resume/index.html,58,html,214dea57,Henry Liu,2025-10-03,23:43:10,-07:00,2025-10-03T23:43:10-07:00,8,88
resume/index.html,59,html,214dea57,Henry Liu,2025-10-03,23:43:10,-07:00,2025-10-03T23:43:10-07:00,8,94
resume/index.html,60,html,214dea57,Henry Liu,2025-10-03,23:43:10,-07:00,2025-10-03T23:43:10-07:00,6,3
resume/index.html,61,html,214dea57,Henry Liu,2025-10-03,23:43:10,-07:00,2025-10-03T23:43:10-07:00,4,8
resume/index.html,62,html,214dea57,Henry Liu,2025-10-03,23:43:10,-07:00,2025-10-03T23:43:10-07:00,4,7
resume/index.html,63,html,214dea57,Henry Liu,2025-10-03,23:43:10,-07:00,2025-10-03T23:43:10-07:00,6,1
resume/index.html,64,html,214dea57,Henry Liu,2025-10-03,23:43:10,-07:00,2025-10-03T23:43:10-07:00,7,62
resume/index.html,65,html,214dea57,Henry Liu,2025-10-03,23:43:10,-07:00,2025-10-03T23:43:10-07:00,7,55
resume/index.html,66,html,214dea57,Henry Liu,2025-10-03,23:43:10,-07:00,2025-10-03T23:43:10-07:00,7,39
resume/index.html,67,html,214dea57,Henry Liu,2025-10-03,23:43:10,-07:00,2025-10-03T23:43:10-07:00,6,2
resume/index.html,68,html,214dea57,Henry Liu,2025-10-03,23:43:10,-07:00,2025-10-03T23:43:10-07:00,6,2
resume/index.html,69,html,214dea57,Henry Liu,2025-10-03,23:43:10,-07:00,2025-10-03T23:43:10-07:00,7,118
resume/index.html,70,html,214dea57,Henry Liu,2025-10-03,23:43:10,-07:00,2025-10-03T23:43:10-07:00,7,115
resume/index.html,71,html,214dea57,Henry Liu,2025-10-03,23:43:10,-07:00,2025-10-03T23:43:10-07:00,7,110
resume/index.html,72,html,214dea57,Henry Liu,2025-10-03,23:43:10,-07:00,2025-10-03T23:43:10-07:00,6,3
resume/index.html,73,html,214dea57,Henry Liu,2025-10-03,23:43:10,-07:00,2025-10-03T23:43:10-07:00,4,8
resume/index.html,74,html,214dea57,Henry Liu,2025-10-03,23:43:10,-07:00,2025-10-03T23:43:10-07:00,4,7
resume/index.html,75,html,214dea57,Henry Liu,2025-10-03,23:43:10,-07:00,2025-10-03T23:43:10-07:00,6,1
resume/index.html,76,html,214dea57,Henry Liu,2025-10-03,23:43:10,-07:00,2025-10-03T23:43:10-07:00,8,68
resume/index.html,77,html,214dea57,Henry Liu,2025-10-03,23:43:10,-07:00,2025-10-03T23:43:10-07:00,8,56
resume/index.html,78,html,214dea57,Henry Liu,2025-10-03,23:43:10,-07:00,2025-10-03T23:43:10-07:00,8,40
resume/index.html,79,html,214dea57,Henry Liu,2025-10-03,23:43:10,-07:00,2025-10-03T23:43:10-07:00,6,2
resume/index.html,80,html,214dea57,Henry Liu,2025-10-03,23:43:10,-07:00,2025-10-03T23:43:10-07:00,6,2
resume/index.html,81,html,214dea57,Henry Liu,2025-10-03,23:43:10,-07:00,2025-10-03T23:43:10-07:00,8,126
resume/index.html,82,html,214dea57,Henry Liu,2025-10-03,23:43:10,-07:00,2025-10-03T23:43:10-07:00,8,115
resume/index.html,83,html,214dea57,Henry Liu,2025-10-03,23:43:10,-07:00,2025-10-03T23:43:10-07:00,8,141
resume/index.html,84,html,214dea57,Henry Liu,2025-10-03,23:43:10,-07:00,2025-10-03T23:43:10-07:00,8,131
resume/index.html,85,html,214dea57,Henry Liu,2025-10-03,23:43:10,-07:00,2025-10-03T23:43:10-07:00,6,3
resume/index.html,86,html,214dea57,Henry Liu,2025-10-03,23:43:10,-07:00,2025-10-03T23:43:10-07:00,4,8
resume/index.html,87,html,214dea57,Henry Liu,2025-10-03,23:43:10,-07:00,2025-10-03T23:43:10-07:00,2,8
resume/index.html,88,html,214dea57,Henry Liu,2025-10-03,23:43:10,-07:00,2025-10-03T23:43:10-07:00,0,0
resume/index.html,89,html,214dea57,Henry Liu,2025-10-03,23:43:10,-07:00,2025-10-03T23:43:10-07:00,2,13
resume/index.html,90,html,214dea57,Henry Liu,2025-10-03,23:43:10,-07:00,2025-10-03T23:43:10-07:00,2,19
resume/index.html,91,html,214dea57,Henry Liu,2025-10-03,23:43:10,-07:00,2025-10-03T23:43:10-07:00,4,23
resume/index.html,92,html,214dea57,Henry Liu,2025-10-03,23:43:10,-07:00,2025-10-03T23:43:10-07:00,4,2
resume/index.html,93,html,214dea57,Henry Liu,2025-10-03,23:43:10,-07:00,2025-10-03T23:43:10-07:00,5,81
resume/index.html,94,html,214dea57,Henry Liu,2025-10-03,23:43:10,-07:00,2025-10-03T23:43:10-07:00,5,66
resume/index.html,95,html,214dea57,Henry Liu,2025-10-03,23:43:10,-07:00,2025-10-03T23:43:10-07:00,5,68
resume/index.html,96,html,214dea57,Henry Liu,2025-10-03,23:43:10,-07:00,2025-10-03T23:43:10-07:00,5,67
resume/index.html,97,html,214dea57,Henry Liu,2025-10-03,23:43:10,-07:00,2025-10-03T23:43:10-07:00,4,3
resume/index.html,98,html,214dea57,Henry Liu,2025-10-03,23:43:10,-07:00,2025-10-03T23:43:10-07:00,3,8
resume/index.html,99,html,214dea57,Henry Liu,2025-10-03,23:43:10,-07:00,2025-10-03T23:43:10-07:00,0,0
resume/index.html,100,html,214dea57,Henry Liu,2025-10-03,23:43:10,-07:00,2025-10-03T23:43:10-07:00,2,2
resume/index.html,101,html,214dea57,Henry Liu,2025-10-03,23:43:10,-07:00,2025-10-03T23:43:10-07:00,2,124
resume/index.html,102,html,214dea57,Henry Liu,2025-10-03,23:43:10,-07:00,2025-10-03T23:43:10-07:00,0,5
resume/index.html,103,html,214dea57,Henry Liu,2025-10-03,23:43:10,-07:00,2025-10-03T23:43:10-07:00,0,5
projects/projects.js,1,js,7225c6fb,Henry Liu,2025-10-25,23:12:06,-07:00,2025-10-25T23:12:06-07:00,0,55
projects/projects.js,2,js,8b4dab88,Henry Liu,2025-11-01,11:10:20,-07:00,2025-11-01T11:10:20-07:00,0,63
projects/projects.js,3,js,8b4dab88,Henry Liu,2025-11-01,11:10:20,-07:00,2025-11-01T11:10:20-07:00,0,0
projects/projects.js,4,js,7225c6fb,Henry Liu,2025-10-25,23:12:06,-07:00,2025-10-25T23:12:06-07:00,0,0
projects/projects.js,5,js,7225c6fb,Henry Liu,2025-10-25,23:12:06,-07:00,2025-10-25T23:12:06-07:00,0,55
projects/projects.js,6,js,7225c6fb,Henry Liu,2025-10-25,23:12:06,-07:00,2025-10-25T23:12:06-07:00,0,60
projects/projects.js,7,js,7225c6fb,Henry Liu,2025-10-25,23:12:06,-07:00,2025-10-25T23:12:06-07:00,0,48
projects/projects.js,8,js,7225c6fb,Henry Liu,2025-10-25,23:12:06,-07:00,2025-10-25T23:12:06-07:00,0,0
projects/projects.js,9,js,7225c6fb,Henry Liu,2025-10-25,23:12:06,-07:00,2025-10-25T23:12:06-07:00,0,61
projects/projects.js,10,js,7225c6fb,Henry Liu,2025-10-25,23:12:06,-07:00,2025-10-25T23:12:06-07:00,0,17
projects/projects.js,11,js,7225c6fb,Henry Liu,2025-10-25,23:12:06,-07:00,2025-10-25T23:12:06-07:00,1,55
projects/projects.js,12,js,8b4dab88,Henry Liu,2025-11-01,11:10:20,-07:00,2025-11-01T11:10:20-07:00,0,0
projects/projects.js,13,js,b3b3a0da,Henry Liu,2025-11-01,20:48:40,-07:00,2025-11-01T20:48:40-07:00,0,0
projects/projects.js,14,js,b3b3a0da,Henry Liu,2025-11-01,20:48:40,-07:00,2025-11-01T20:48:40-07:00,0,26
projects/projects.js,15,js,b3b3a0da,Henry Liu,2025-11-01,20:48:40,-07:00,2025-11-01T20:48:40-07:00,1,7
projects/projects.js,16,js,b3b3a0da,Henry Liu,2025-11-01,20:48:40,-07:00,2025-11-01T20:48:40-07:00,1,14
projects/projects.js,17,js,b3b3a0da,Henry Liu,2025-11-01,20:48:40,-07:00,2025-11-01T20:48:40-07:00,1,12
projects/projects.js,18,js,b3b3a0da,Henry Liu,2025-11-01,20:48:40,-07:00,2025-11-01T20:48:40-07:00,0,0
projects/projects.js,19,js,b3b3a0da,Henry Liu,2025-11-01,20:48:40,-07:00,2025-11-01T20:48:40-07:00,0,0
projects/projects.js,20,js,b3b3a0da,Henry Liu,2025-11-01,20:48:40,-07:00,2025-11-01T20:48:40-07:00,0,0
projects/projects.js,21,js,b3b3a0da,Henry Liu,2025-11-01,20:48:40,-07:00,2025-11-01T20:48:40-07:00,0,44
projects/projects.js,22,js,b3b3a0da,Henry Liu,2025-11-01,20:48:40,-07:00,2025-11-01T20:48:40-07:00,1,35
projects/projects.js,23,js,b3b3a0da,Henry Liu,2025-11-01,20:48:40,-07:00,2025-11-01T20:48:40-07:00,0,1
projects/projects.js,24,js,b3b3a0da,Henry Liu,2025-11-01,20:48:40,-07:00,2025-11-01T20:48:40-07:00,0,57
projects/projects.js,25,js,b3b3a0da,Henry Liu,2025-11-01,20:48:40,-07:00,2025-11-01T20:48:40-07:00,0,50
projects/projects.js,26,js,b3b3a0da,Henry Liu,2025-11-01,20:48:40,-07:00,2025-11-01T20:48:40-07:00,0,33
projects/projects.js,27,js,b3b3a0da,Henry Liu,2025-11-01,20:48:40,-07:00,2025-11-01T20:48:40-07:00,0,45
projects/projects.js,28,js,b3b3a0da,Henry Liu,2025-11-01,20:48:40,-07:00,2025-11-01T20:48:40-07:00,0,47
projects/projects.js,29,js,b3b3a0da,Henry Liu,2025-11-01,20:48:40,-07:00,2025-11-01T20:48:40-07:00,0,0
projects/projects.js,30,js,b3b3a0da,Henry Liu,2025-11-01,20:48:40,-07:00,2025-11-01T20:48:40-07:00,0,26
projects/projects.js,31,js,b3b3a0da,Henry Liu,2025-11-01,20:48:40,-07:00,2025-11-01T20:48:40-07:00,1,14
projects/projects.js,32,js,b3b3a0da,Henry Liu,2025-11-01,20:48:40,-07:00,2025-11-01T20:48:40-07:00,2,13
projects/projects.js,33,js,b3b3a0da,Henry Liu,2025-11-01,20:48:40,-07:00,2025-11-01T20:48:40-07:00,2,13
projects/projects.js,34,js,b3b3a0da,Henry Liu,2025-11-01,20:48:40,-07:00,2025-11-01T20:48:40-07:00,2,97
projects/projects.js,35,js,b3b3a0da,Henry Liu,2025-11-01,20:48:40,-07:00,2025-11-01T20:48:40-07:00,0,0
projects/projects.js,36,js,b3b3a0da,Henry Liu,2025-11-01,20:48:40,-07:00,2025-11-01T20:48:40-07:00,0,0
projects/projects.js,37,js,b3b3a0da,Henry Liu,2025-11-01,20:48:40,-07:00,2025-11-01T20:48:40-07:00,0,32
projects/projects.js,38,js,b3b3a0da,Henry Liu,2025-11-01,20:48:40,-07:00,2025-11-01T20:48:40-07:00,0,24
projects/projects.js,39,js,b3b3a0da,Henry Liu,2025-11-01,20:48:40,-07:00,2025-11-01T20:48:40-07:00,1,4
projects/projects.js,40,js,b3b3a0da,Henry Liu,2025-11-01,20:48:40,-07:00,2025-11-01T20:48:40-07:00,2,11
projects/projects.js,41,js,b3b3a0da,Henry Liu,2025-11-01,20:48:40,-07:00,2025-11-01T20:48:40-07:00,2,93
projects/projects.js,42,js,b3b3a0da,Henry Liu,2025-11-01,20:48:40,-07:00,2025-11-01T20:48:40-07:00,2,99
projects/projects.js,43,js,b3b3a0da,Henry Liu,2025-11-01,20:48:40,-07:00,2025-11-01T20:48:40-07:00,0,1
projects/projects.js,44,js,b2edecac,Henry Liu,2025-11-01,19:40:40,-07:00,2025-11-01T19:40:40-07:00,0,0
projects/projects.js,45,js,b2edecac,Henry Liu,2025-11-01,19:40:40,-07:00,2025-11-01T19:40:40-07:00,0,13
projects/projects.js,46,js,b3b3a0da,Henry Liu,2025-11-01,20:48:40,-07:00,2025-11-01T20:48:40-07:00,0,21
projects/projects.js,47,js,b2edecac,Henry Liu,2025-11-01,19:40:40,-07:00,2025-11-01T19:40:40-07:00,0,53
projects/projects.js,48,js,b2edecac,Henry Liu,2025-11-01,19:40:40,-07:00,2025-11-01T19:40:40-07:00,0,0
projects/projects.js,49,js,b3b3a0da,Henry Liu,2025-11-01,20:48:40,-07:00,2025-11-01T20:48:40-07:00,0,0
projects/projects.js,50,js,b2edecac,Henry Liu,2025-11-01,19:40:40,-07:00,2025-11-01T19:40:40-07:00,0,40
projects/projects.js,51,js,b2edecac,Henry Liu,2025-11-01,19:40:40,-07:00,2025-11-01T19:40:40-07:00,0,38
projects/projects.js,52,js,b2edecac,Henry Liu,2025-11-01,19:40:40,-07:00,2025-11-01T19:40:40-07:00,1,25
projects/projects.js,53,js,b2edecac,Henry Liu,2025-11-01,19:40:40,-07:00,2025-11-01T19:40:40-07:00,1,29
projects/projects.js,54,js,b2edecac,Henry Liu,2025-11-01,19:40:40,-07:00,2025-11-01T19:40:40-07:00,2,12
projects/projects.js,55,js,b2edecac,Henry Liu,2025-11-01,19:40:40,-07:00,2025-11-01T19:40:40-07:00,2,14
projects/projects.js,56,js,b2edecac,Henry Liu,2025-11-01,19:40:40,-07:00,2025-11-01T19:40:40-07:00,2,12
projects/projects.js,57,js,b2edecac,Henry Liu,2025-11-01,19:40:40,-07:00,2025-11-01T19:40:40-07:00,1,0
projects/projects.js,58,js,b2edecac,Henry Liu,2025-11-01,19:40:40,-07:00,2025-11-01T19:40:40-07:00,1,18
projects/projects.js,59,js,b2edecac,Henry Liu,2025-11-01,19:40:40,-07:00,2025-11-01T19:40:40-07:00,1,50
projects/projects.js,60,js,b2edecac,Henry Liu,2025-11-01,19:40:40,-07:00,2025-11-01T19:40:40-07:00,2,33
projects/projects.js,61,js,b2edecac,Henry Liu,2025-11-01,19:40:40,-07:00,2025-11-01T19:40:40-07:00,1,1
projects/projects.js,62,js,b2edecac,Henry Liu,2025-11-01,19:40:40,-07:00,2025-11-01T19:40:40-07:00,1,50
projects/projects.js,63,js,b2edecac,Henry Liu,2025-11-01,19:40:40,-07:00,2025-11-01T19:40:40-07:00,1,53
projects/projects.js,64,js,b2edecac,Henry Liu,2025-11-01,19:40:40,-07:00,2025-11-01T19:40:40-07:00,1,42
projects/projects.js,65,js,b2edecac,Henry Liu,2025-11-01,19:40:40,-07:00,2025-11-01T19:40:40-07:00,1,57
projects/projects.js,66,js,b2edecac,Henry Liu,2025-11-01,19:40:40,-07:00,2025-11-01T19:40:40-07:00,1,51
projects/projects.js,67,js,b3b3a0da,Henry Liu,2025-11-01,20:48:40,-07:00,2025-11-01T20:48:40-07:00,0,0
projects/projects.js,68,js,b2edecac,Henry Liu,2025-11-01,19:40:40,-07:00,2025-11-01T19:40:40-07:00,1,28
projects/projects.js,69,js,b2edecac,Henry Liu,2025-11-01,19:40:40,-07:00,2025-11-01T19:40:40-07:00,1,32
projects/projects.js,70,js,b2edecac,Henry Liu,2025-11-01,19:40:40,-07:00,2025-11-01T19:40:40-07:00,1,29
projects/projects.js,71,js,b2edecac,Henry Liu,2025-11-01,19:40:40,-07:00,2025-11-01T19:40:40-07:00,1,53
projects/projects.js,72,js,b2edecac,Henry Liu,2025-11-01,19:40:40,-07:00,2025-11-01T19:40:40-07:00,1,27
projects/projects.js,73,js,b2edecac,Henry Liu,2025-11-01,19:40:40,-07:00,2025-11-01T19:40:40-07:00,2,4
projects/projects.js,74,js,b2edecac,Henry Liu,2025-11-01,19:40:40,-07:00,2025-11-01T19:40:40-07:00,3,13
projects/projects.js,75,js,b2edecac,Henry Liu,2025-11-01,19:40:40,-07:00,2025-11-01T19:40:40-07:00,3,11
projects/projects.js,76,js,b3b3a0da,Henry Liu,2025-11-01,20:48:40,-07:00,2025-11-01T20:48:40-07:00,3,24
projects/projects.js,77,js,b3b3a0da,Henry Liu,2025-11-01,20:48:40,-07:00,2025-11-01T20:48:40-07:00,3,25
projects/projects.js,78,js,b3b3a0da,Henry Liu,2025-11-01,20:48:40,-07:00,2025-11-01T20:48:40-07:00,3,18
projects/projects.js,79,js,b3b3a0da,Henry Liu,2025-11-01,20:48:40,-07:00,2025-11-01T20:48:40-07:00,4,47
projects/projects.js,80,js,b3b3a0da,Henry Liu,2025-11-01,20:48:40,-07:00,2025-11-01T20:48:40-07:00,0,0
projects/projects.js,81,js,b3b3a0da,Henry Liu,2025-11-01,20:48:40,-07:00,2025-11-01T20:48:40-07:00,4,4
projects/projects.js,82,js,b3b3a0da,Henry Liu,2025-11-01,20:48:40,-07:00,2025-11-01T20:48:40-07:00,5,16
projects/projects.js,83,js,b3b3a0da,Henry Liu,2025-11-01,20:48:40,-07:00,2025-11-01T20:48:40-07:00,5,68
projects/projects.js,84,js,b3b3a0da,Henry Liu,2025-11-01,20:48:40,-07:00,2025-11-01T20:48:40-07:00,4,4
projects/projects.js,85,js,b3b3a0da,Henry Liu,2025-11-01,20:48:40,-07:00,2025-11-01T20:48:40-07:00,5,14
projects/projects.js,86,js,b3b3a0da,Henry Liu,2025-11-01,20:48:40,-07:00,2025-11-01T20:48:40-07:00,5,68
projects/projects.js,87,js,b3b3a0da,Henry Liu,2025-11-01,20:48:40,-07:00,2025-11-01T20:48:40-07:00,4,25
projects/projects.js,88,js,b3b3a0da,Henry Liu,2025-11-01,20:48:40,-07:00,2025-11-01T20:48:40-07:00,4,34
projects/projects.js,89,js,b3b3a0da,Henry Liu,2025-11-01,20:48:40,-07:00,2025-11-01T20:48:40-07:00,5,49
projects/projects.js,90,js,b3b3a0da,Henry Liu,2025-11-01,20:48:40,-07:00,2025-11-01T20:48:40-07:00,4,0
projects/projects.js,91,js,b3b3a0da,Henry Liu,2025-11-01,20:48:40,-07:00,2025-11-01T20:48:40-07:00,0,0
projects/projects.js,92,js,b3b3a0da,Henry Liu,2025-11-01,20:48:40,-07:00,2025-11-01T20:48:40-07:00,4,25
projects/projects.js,93,js,b3b3a0da,Henry Liu,2025-11-01,20:48:40,-07:00,2025-11-01T20:48:40-07:00,5,53
projects/projects.js,94,js,b3b3a0da,Henry Liu,2025-11-01,20:48:40,-07:00,2025-11-01T20:48:40-07:00,4,6
projects/projects.js,95,js,b3b3a0da,Henry Liu,2025-11-01,20:48:40,-07:00,2025-11-01T20:48:40-07:00,5,40
projects/projects.js,96,js,b3b3a0da,Henry Liu,2025-11-01,20:48:40,-07:00,2025-11-01T20:48:40-07:00,5,58
projects/projects.js,97,js,b3b3a0da,Henry Liu,2025-11-01,20:48:40,-07:00,2025-11-01T20:48:40-07:00,5,48
projects/projects.js,98,js,b3b3a0da,Henry Liu,2025-11-01,20:48:40,-07:00,2025-11-01T20:48:40-07:00,4,0
projects/projects.js,99,js,b3b3a0da,Henry Liu,2025-11-01,20:48:40,-07:00,2025-11-01T20:48:40-07:00,3,1
projects/projects.js,100,js,b2edecac,Henry Liu,2025-11-01,19:40:40,-07:00,2025-11-01T19:40:40-07:00,1,1
projects/projects.js,101,js,b2edecac,Henry Liu,2025-11-01,19:40:40,-07:00,2025-11-01T19:40:40-07:00,1,27
projects/projects.js,102,js,b2edecac,Henry Liu,2025-11-01,19:40:40,-07:00,2025-11-01T19:40:40-07:00,2,4
projects/projects.js,103,js,b2edecac,Henry Liu,2025-11-01,19:40:40,-07:00,2025-11-01T19:40:40-07:00,3,11
projects/projects.js,104,js,b2edecac,Henry Liu,2025-11-01,19:40:40,-07:00,2025-11-01T19:40:40-07:00,3,38
projects/projects.js,105,js,b3b3a0da,Henry Liu,2025-11-01,20:48:40,-07:00,2025-11-01T20:48:40-07:00,3,68
projects/projects.js,106,js,b3b3a0da,Henry Liu,2025-11-01,20:48:40,-07:00,2025-11-01T20:48:40-07:00,3,18
projects/projects.js,107,js,b3b3a0da,Henry Liu,2025-11-01,20:48:40,-07:00,2025-11-01T20:48:40-07:00,4,37
projects/projects.js,108,js,b3b3a0da,Henry Liu,2025-11-01,20:48:40,-07:00,2025-11-01T20:48:40-07:00,4,47
projects/projects.js,109,js,b3b3a0da,Henry Liu,2025-11-01,20:48:40,-07:00,2025-11-01T20:48:40-07:00,0,0
projects/projects.js,110,js,b3b3a0da,Henry Liu,2025-11-01,20:48:40,-07:00,2025-11-01T20:48:40-07:00,4,4
projects/projects.js,111,js,b3b3a0da,Henry Liu,2025-11-01,20:48:40,-07:00,2025-11-01T20:48:40-07:00,5,16
projects/projects.js,112,js,b3b3a0da,Henry Liu,2025-11-01,20:48:40,-07:00,2025-11-01T20:48:40-07:00,5,64
projects/projects.js,113,js,b3b3a0da,Henry Liu,2025-11-01,20:48:40,-07:00,2025-11-01T20:48:40-07:00,0,0
projects/projects.js,114,js,b3b3a0da,Henry Liu,2025-11-01,20:48:40,-07:00,2025-11-01T20:48:40-07:00,4,4
projects/projects.js,115,js,b3b3a0da,Henry Liu,2025-11-01,20:48:40,-07:00,2025-11-01T20:48:40-07:00,5,14
projects/projects.js,116,js,b3b3a0da,Henry Liu,2025-11-01,20:48:40,-07:00,2025-11-01T20:48:40-07:00,5,64
projects/projects.js,117,js,b3b3a0da,Henry Liu,2025-11-01,20:48:40,-07:00,2025-11-01T20:48:40-07:00,0,0
projects/projects.js,118,js,b3b3a0da,Henry Liu,2025-11-01,20:48:40,-07:00,2025-11-01T20:48:40-07:00,4,25
projects/projects.js,119,js,b3b3a0da,Henry Liu,2025-11-01,20:48:40,-07:00,2025-11-01T20:48:40-07:00,4,34
projects/projects.js,120,js,b3b3a0da,Henry Liu,2025-11-01,20:48:40,-07:00,2025-11-01T20:48:40-07:00,5,49
projects/projects.js,121,js,b3b3a0da,Henry Liu,2025-11-01,20:48:40,-07:00,2025-11-01T20:48:40-07:00,4,0
projects/projects.js,122,js,b3b3a0da,Henry Liu,2025-11-01,20:48:40,-07:00,2025-11-01T20:48:40-07:00,0,0
projects/projects.js,123,js,b3b3a0da,Henry Liu,2025-11-01,20:48:40,-07:00,2025-11-01T20:48:40-07:00,4,25
projects/projects.js,124,js,b3b3a0da,Henry Liu,2025-11-01,20:48:40,-07:00,2025-11-01T20:48:40-07:00,5,53
projects/projects.js,125,js,b3b3a0da,Henry Liu,2025-11-01,20:48:40,-07:00,2025-11-01T20:48:40-07:00,4,6
projects/projects.js,126,js,b3b3a0da,Henry Liu,2025-11-01,20:48:40,-07:00,2025-11-01T20:48:40-07:00,5,40
projects/projects.js,127,js,b3b3a0da,Henry Liu,2025-11-01,20:48:40,-07:00,2025-11-01T20:48:40-07:00,5,60
projects/projects.js,128,js,b3b3a0da,Henry Liu,2025-11-01,20:48:40,-07:00,2025-11-01T20:48:40-07:00,5,48
projects/projects.js,129,js,b3b3a0da,Henry Liu,2025-11-01,20:48:40,-07:00,2025-11-01T20:48:40-07:00,4,0
projects/projects.js,130,js,b3b3a0da,Henry Liu,2025-11-01,20:48:40,-07:00,2025-11-01T20:48:40-07:00,3,1
projects/projects.js,131,js,b2edecac,Henry Liu,2025-11-01,19:40:40,-07:00,2025-11-01T19:40:40-07:00,1,1
projects/projects.js,132,js,b2edecac,Henry Liu,2025-11-01,19:40:40,-07:00,2025-11-01T19:40:40-07:00,0,0
projects/projects.js,133,js,b2edecac,Henry Liu,2025-11-01,19:40:40,-07:00,2025-11-01T19:40:40-07:00,0,0
projects/projects.js,134,js,b2edecac,Henry Liu,2025-11-01,19:40:40,-07:00,2025-11-01T19:40:40-07:00,0,32
projects/projects.js,135,js,b2edecac,Henry Liu,2025-11-01,19:40:40,-07:00,2025-11-01T19:40:40-07:00,0,23
projects/projects.js,136,js,b2edecac,Henry Liu,2025-11-01,19:40:40,-07:00,2025-11-01T19:40:40-07:00,0,0
projects/projects.js,137,js,b2edecac,Henry Liu,2025-11-01,19:40:40,-07:00,2025-11-01T19:40:40-07:00,0,27
projects/projects.js,138,js,b2edecac,Henry Liu,2025-11-01,19:40:40,-07:00,2025-11-01T19:40:40-07:00,1,15
projects/projects.js,139,js,b2edecac,Henry Liu,2025-11-01,19:40:40,-07:00,2025-11-01T19:40:40-07:00,1,35
projects/projects.js,140,js,b2edecac,Henry Liu,2025-11-01,19:40:40,-07:00,2025-11-01T19:40:40-07:00,2,59
projects/projects.js,141,js,b2edecac,Henry Liu,2025-11-01,19:40:40,-07:00,2025-11-01T19:40:40-07:00,2,42
projects/projects.js,142,js,b2edecac,Henry Liu,2025-11-01,19:40:40,-07:00,2025-11-01T19:40:40-07:00,1,1
projects/projects.js,143,js,b2edecac,Henry Liu,2025-11-01,19:40:40,-07:00,2025-11-01T19:40:40-07:00,0,0
projects/projects.js,144,js,b2edecac,Henry Liu,2025-11-01,19:40:40,-07:00,2025-11-01T19:40:40-07:00,0,0
projects/projects.js,145,js,b2edecac,Henry Liu,2025-11-01,19:40:40,-07:00,2025-11-01T19:40:40-07:00,0,48
projects/projects.js,146,js,b2edecac,Henry Liu,2025-11-01,19:40:40,-07:00,2025-11-01T19:40:40-07:00,1,50
projects/projects.js,147,js,b2edecac,Henry Liu,2025-11-01,19:40:40,-07:00,2025-11-01T19:40:40-07:00,1,52
projects/projects.js,148,js,b2edecac,Henry Liu,2025-11-01,19:40:40,-07:00,2025-11-01T19:40:40-07:00,1,56
projects/projects.js,149,js,b2edecac,Henry Liu,2025-11-01,19:40:40,-07:00,2025-11-01T19:40:40-07:00,1,31
projects/projects.js,150,js,8b4dab88,Henry Liu,2025-11-01,11:10:20,-07:00,2025-11-01T11:10:20-07:00,0,1
projects/index.html,1,html,1ca7499b,Henry Liu,2025-10-03,15:04:00,-07:00,2025-10-03T15:04:00-07:00,0,13
projects/index.html,2,html,1ca7499b,Henry Liu,2025-10-03,15:04:00,-07:00,2025-10-03T15:04:00-07:00,0,14
projects/index.html,3,html,1ca7499b,Henry Liu,2025-10-03,15:04:00,-07:00,2025-10-03T15:04:00-07:00,0,4
projects/index.html,4,html,1ca7499b,Henry Liu,2025-10-03,15:04:00,-07:00,2025-10-03T15:04:00-07:00,2,20
projects/index.html,5,html,1ca7499b,Henry Liu,2025-10-03,15:04:00,-07:00,2025-10-03T15:04:00-07:00,2,68
projects/index.html,6,html,1ca7499b,Henry Liu,2025-10-03,15:04:00,-07:00,2025-10-03T15:04:00-07:00,2,21
projects/index.html,7,html,a7c904a9,Henry Liu,2025-10-03,15:33:06,-07:00,2025-10-03T15:33:06-07:00,2,41
projects/index.html,8,html,1ca7499b,Henry Liu,2025-10-03,15:04:00,-07:00,2025-10-03T15:04:00-07:00,0,5
projects/index.html,9,html,1ca7499b,Henry Liu,2025-10-03,15:04:00,-07:00,2025-10-03T15:04:00-07:00,0,4
projects/index.html,10,html,7225c6fb,Henry Liu,2025-10-25,23:12:06,-07:00,2025-10-25T23:12:06-07:00,2,38
projects/index.html,11,html,7225c6fb,Henry Liu,2025-10-25,23:12:06,-07:00,2025-10-25T23:12:06-07:00,2,0
projects/index.html,12,html,8b4dab88,Henry Liu,2025-11-01,11:10:20,-07:00,2025-11-01T11:10:20-07:00,2,21
projects/index.html,13,html,8b4dab88,Henry Liu,2025-11-01,11:10:20,-07:00,2025-11-01T11:10:20-07:00,4,58
projects/index.html,14,html,8b4dab88,Henry Liu,2025-11-01,11:10:20,-07:00,2025-11-01T11:10:20-07:00,4,22
projects/index.html,15,html,8b4dab88,Henry Liu,2025-11-01,11:10:20,-07:00,2025-11-01T11:10:20-07:00,2,4
projects/index.html,16,html,b2edecac,Henry Liu,2025-11-01,19:40:40,-07:00,2025-11-01T19:40:40-07:00,2,101
projects/index.html,17,html,7225c6fb,Henry Liu,2025-10-25,23:12:06,-07:00,2025-10-25T23:12:06-07:00,2,26
projects/index.html,18,html,7225c6fb,Henry Liu,2025-10-25,23:12:06,-07:00,2025-10-25T23:12:06-07:00,2,0
projects/index.html,19,html,7225c6fb,Henry Liu,2025-10-25,23:12:06,-07:00,2025-10-25T23:12:06-07:00,2,48
projects/index.html,20,html,7225c6fb,Henry Liu,2025-10-25,23:12:06,-07:00,2025-10-25T23:12:06-07:00,2,47
projects/index.html,21,html,a0320e51,Henry Liu,2025-11-01,02:29:02,-07:00,2025-11-01T02:29:02-07:00,0,0
projects/index.html,22,html,1ca7499b,Henry Liu,2025-10-03,15:04:00,-07:00,2025-10-03T15:04:00-07:00,2,0
projects/index.html,23,html,1ca7499b,Henry Liu,2025-10-03,15:04:00,-07:00,2025-10-03T15:04:00-07:00,0,5
projects/index.html,24,html,1ca7499b,Henry Liu,2025-10-03,15:04:00,-07:00,2025-10-03T15:04:00-07:00,0,5
contact/index.html,1,html,1ca7499b,Henry Liu,2025-10-03,15:04:00,-07:00,2025-10-03T15:04:00-07:00,0,13
contact/index.html,2,html,1ca7499b,Henry Liu,2025-10-03,15:04:00,-07:00,2025-10-03T15:04:00-07:00,0,14
contact/index.html,3,html,1ca7499b,Henry Liu,2025-10-03,15:04:00,-07:00,2025-10-03T15:04:00-07:00,0,4
contact/index.html,4,html,1ca7499b,Henry Liu,2025-10-03,15:04:00,-07:00,2025-10-03T15:04:00-07:00,2,20
contact/index.html,5,html,1ca7499b,Henry Liu,2025-10-03,15:04:00,-07:00,2025-10-03T15:04:00-07:00,2,68
contact/index.html,6,html,1ca7499b,Henry Liu,2025-10-03,15:04:00,-07:00,2025-10-03T15:04:00-07:00,2,20
contact/index.html,7,html,15be7aca,Henry Liu,2025-10-03,15:35:06,-07:00,2025-10-03T15:35:06-07:00,2,41
contact/index.html,8,html,e7d75b45,Henry Liu,2025-10-18,14:25:22,-07:00,2025-10-18T14:25:22-07:00,2,54
contact/index.html,9,html,1ca7499b,Henry Liu,2025-10-03,15:04:00,-07:00,2025-10-03T15:04:00-07:00,0,5
contact/index.html,10,html,1ca7499b,Henry Liu,2025-10-03,15:04:00,-07:00,2025-10-03T15:04:00-07:00,0,4
contact/index.html,11,html,708b5b75,Henry Liu,2025-10-10,22:47:53,-07:00,2025-10-10T22:47:53-07:00,2,17
contact/index.html,12,html,493ca318,Henry Liu,2025-10-03,18:19:51,-07:00,2025-10-03T18:19:51-07:00,0,0
contact/index.html,13,html,f8709507,Henry Liu,2025-10-03,22:46:22,-07:00,2025-10-03T22:46:22-07:00,2,71
contact/index.html,14,html,493ca318,Henry Liu,2025-10-03,18:19:51,-07:00,2025-10-03T18:19:51-07:00,4,17
contact/index.html,15,html,493ca318,Henry Liu,2025-10-03,18:19:51,-07:00,2025-10-03T18:19:51-07:00,6,4
contact/index.html,16,html,91fe546f,Henry Liu,2025-10-03,18:22:43,-07:00,2025-10-03T18:22:43-07:00,6,42
contact/index.html,17,html,493ca318,Henry Liu,2025-10-03,18:19:51,-07:00,2025-10-03T18:19:51-07:00,4,6
contact/index.html,18,html,493ca318,Henry Liu,2025-10-03,18:19:51,-07:00,2025-10-03T18:19:51-07:00,4,19
contact/index.html,19,html,493ca318,Henry Liu,2025-10-03,18:19:51,-07:00,2025-10-03T18:19:51-07:00,6,6
contact/index.html,20,html,91fe546f,Henry Liu,2025-10-03,18:22:43,-07:00,2025-10-03T18:22:43-07:00,6,45
contact/index.html,21,html,493ca318,Henry Liu,2025-10-03,18:19:51,-07:00,2025-10-03T18:19:51-07:00,4,6
contact/index.html,22,html,708b5b75,Henry Liu,2025-10-10,22:47:53,-07:00,2025-10-10T22:47:53-07:00,4,19
contact/index.html,23,html,708b5b75,Henry Liu,2025-10-10,22:47:53,-07:00,2025-10-10T22:47:53-07:00,6,6
contact/index.html,24,html,91fe546f,Henry Liu,2025-10-03,18:22:43,-07:00,2025-10-03T18:22:43-07:00,6,60
contact/index.html,25,html,493ca318,Henry Liu,2025-10-03,18:19:51,-07:00,2025-10-03T18:19:51-07:00,4,6
contact/index.html,26,html,708b5b75,Henry Liu,2025-10-10,22:47:53,-07:00,2025-10-10T22:47:53-07:00,4,19
contact/index.html,27,html,493ca318,Henry Liu,2025-10-03,18:19:51,-07:00,2025-10-03T18:19:51-07:00,2,5
contact/index.html,28,html,1ca7499b,Henry Liu,2025-10-03,15:04:00,-07:00,2025-10-03T15:04:00-07:00,0,5
contact/index.html,29,html,1ca7499b,Henry Liu,2025-10-03,15:04:00,-07:00,2025-10-03T15:04:00-07:00,0,5
